,Unnamed: 0,Unnamed: 0.1.1,review_index,product_index,sentences,labelled_topic,labelled_sentiment,rating,sentence_ix
0,199340,199340,71008,3312, the pieces aren't too glossy/shiny and that is great when you  with an overhead light because super glossy pieces are almost impossible to see in that set up,3.0,1.0,5,199340
1,43567,43567,15520,136, i got this on sale for like half price and i thoroughly enjoyed doing it,4.0,1.0,5,43567
2,173685,173685,62254,2307,a wonderful ,4.0,1.0,5,173685
3,117952,117952,42136,812, it is actually a bit more difficult than you might think,1.0,-1.0,5,117952
4,176963,176963,63335,2377, the glow in the dark paint showed green in the dark and didn't light the fires or places that you would assume would be lighted,4.0,0.0,4,176963
5,152315,152315,54594,1669, at first i thought it would be too flimsy to hold the box upright but that isn't the case,4.0,0.0,4,152315
6,95939,95939,33939,513, if i were of a mind to preserve or frame a  this one would be at the top of my list,3.0,1.0,5,95939
7,97639,97639,34599,532,great thank you ,4.0,1.0,5,97639
8,41993,41993,14923,133,it's ok,4.0,1.0,3,41993
9,122579,122579,43825,880, arrived in only 9 days from overseas,4.0,0.0,5,122579
10,86293,86293,30476,393, ended up glueing and framing it for the game room,4.0,0.0,5,86293
11,186098,186098,66398,2710, our family is rather picky when it comes to s,4.0,0.0,5,186098
12,112420,112420,40036,712, the picture on the box looks great,3.0,1.0,5,112420
13,211543,211543,75313,4066,i enjoyed putting this  together,2.0,1.0,5,211543
14,212038,212038,75471,4103, the picture is so much fun,3.0,1.0,4,212038
15,48600,48600,17403,163, would recomend to anyone who is a  fanaticenjoyi did ,4.0,0.0,5,48600
16,170584,170584,61165,2200,simmons island and the surrounding islands,4.0,0.0,5,170584
17,52620,52620,18608,169,got this for my wife for christmas she was doing  on the dining room table and between the kid or the cats they were ruining her s everytime she had tried to make some progress on them,4.0,0.0,5,52620
18,80186,80186,28211,326, to the casual observer it seems he's just being sweet and cuddly,4.0,0.0,5,80186
19,17089,17089,6188,36, i have since purchased several s of this brand and have not been disappointed,4.0,0.0,5,17089
20,163302,163302,58661,2014, after a friend and i crawled all around the floor looking under rugs and furniture and found no missing pieces i can only conclude that the  came to me with two pieces missing,0.0,-1.0,3,163302
21,150055,150055,53790,1601, also you don't learn much about geography with such small lettering,4.0,0.0,2,150055
22,108631,108631,38624,655,love the detail of the animals ,3.0,1.0,5,108631
23,220760,220760,78136,4681,just ordered this ,4.0,0.0,5,220760
24,101201,101201,35930,581,this was a really fun  with lots of challenging objects in it yet doable,1.0,1.0,5,101201
25,82457,82457,29008,341, this was an expensive  to be such a waste of money,4.0,-1.0,1,82457
26,224077,224077,79182,5011, they don't interlock so even when you find where a piece goes it will simply sit there until you have filled in all of the piece around it,2.0,-1.0,1,224077
27,137993,137993,49351,1264,child really loves the  and after she was done we made it look better by hanging it on the wall,4.0,1.0,5,137993
28,169876,169876,60925,2184,wysocki s are my favorite,4.0,1.0,5,169876
29,67699,67699,23796,235,great ,4.0,1.0,5,67699
30,70608,70608,24910,255,oh easy have it done in 30 minutes,1.0,1.0,5,70608
31,168691,168691,60540,2149, this is really for a  expert,1.0,0.0,4,168691
32,7877,7877,2933,13,nice  pretty picture no missing pieces,0.0,1.0,5,7877
33,83966,83966,29618,357, the colors are crisp and the picture is amazing,3.0,1.0,5,83966
34,132943,132943,47590,1116,i do a lot of s,4.0,0.0,5,132943
35,73135,73135,25765,275, highly recommend it,4.0,0.0,5,73135
36,133568,133568,47797,1129, expensive but worth the price,4.0,0.0,5,133568
37,179026,179026,64134,2470, good quality,3.0,1.0,5,179026
38,155747,155747,55756,1768, this is unless you have nothing else to do be try to find on the tiny pieces ,4.0,0.0,2,155747
39,108504,108504,38589,654,nice ,4.0,0.0,5,108504
40,31921,31921,11466,91, what if many are duplicates and i am still missing one of the original 1k pieces,0.0,-1.0,2,31921
41,230131,230131,81193,6004, for anyone who loves cats or old toys,4.0,0.0,5,230131
42,131869,131869,47218,1096,good quality pieces and took half the time expected to finish largely due to the table format and element numerics on the  pieces,2.0,1.0,4,131869
43,49811,49811,17868,168,very enjoyable  to put together,4.0,0.0,4,49811
44,199827,199827,71148,3325,the picture is fun and the  not too challenging,1.0,1.0,5,199827
45,211854,211854,75415,4089, it's a totally different shape and has words in it like the qord god,4.0,0.0,1,211854
46,221607,221607,78406,4767, they don't lock together so sometimes i think i have connected the wrong pieces,2.0,-1.0,3,221607
47,122144,122144,43663,869, i will put this  together in the near future,4.0,0.0,5,122144
48,212929,212929,75736,4157,fun  and loved the larger would not call the pieces large but larger than typical s,4.0,0.0,5,212929
49,183561,183561,65571,2634, the pieces don't really stick together they just lay next to each other; i can't pick up more than once piece at a time,2.0,-1.0,3,183561
50,84665,84665,29872,361, in fact colby found bill clinton's face and chelsea put together martin luther king's profile,4.0,0.0,5,84665
51,119423,119423,42633,832, the pieces are not as snug or fine but the  itself is beautiful,3.0,1.0,5,119423
52,41504,41504,14753,132, very well made,4.0,0.0,5,41504
53,49866,49866,17901,168, this was the toughest of 3 buffalo s i gave to my wife,4.0,0.0,5,49866
54,215284,215284,76349,4252, from purchase until delivery i had to wait 11 days that was very ok,4.0,0.0,5,215284
55,123031,123031,43991,886,cute and fast shipping ,4.0,0.0,5,123031
56,125603,125603,44970,950, went home put this  together again to confirm yes,4.0,0.0,5,125603
57,227838,227838,80423,5553, s is a wonderful place to shop,4.0,0.0,5,227838
58,11723,11723,4216,22, the pieces are high quality and snap in nicely,2.0,1.0,5,11723
59,174962,174962,62744,2343,this is a challenging enough  to keep your interest,1.0,1.0,5,174962
60,148663,148663,53304,1575,this was challenging and and fun,1.0,1.0,5,148663
61,58146,58146,20539,200, with them you're rolling the dice on whether your  will be complete or not,4.0,0.0,2,58146
62,108672,108672,38642,656, is well made sturdy,3.0,1.0,5,108672
63,223360,223360,78970,4938,way more difficult than i thought and i am an avid r,1.0,-1.0,5,223360
64,190372,190372,67836,2894,i have over a dozen of these  1000-piece s and they are all very well made and fun to put together,2.0,1.0,5,190372
65,89141,89141,31548,430,åÊquality ,4.0,0.0,5,89141
66,71557,71557,25186,258, crayon for scale ,4.0,0.0,5,71557
67,151078,151078,54173,1629,this is an extremely difficult and enjoyable ,1.0,1.0,5,151078
68,134632,134632,48213,1164, there is nothing more disappointing than spending 20 on a  time spent putting together only to find a missing piece,0.0,-1.0,1,134632
69,221940,221940,78501,4791, had to use pliers to get to hold together at all,2.0,-1.0,2,221940
70,61713,61713,21582,208,as s go not too hard not too easy,1.0,1.0,3,61713
71,96591,96591,34227,519, some seemed to fit together when they shouldn't have,2.0,-1.0,4,96591
72,45444,45444,16207,143, come on  make a new version including all 9,4.0,0.0,4,45444
73,46522,46522,16628,152,the product is the same as it showed in the description good product effective in delivering the same congratulations you keep buying ,4.0,1.0,5,46522
74,113183,113183,40356,728, this  had a lot of different fonts and logos so it was pretty easy to get some big sections assembled; the last several hundred pieces were still a nice challenge though,1.0,1.0,5,113183
75,86904,86904,30764,401,unlike many of the coca-cola s this one had a variety of colors,4.0,0.0,5,86904
76,20737,20737,7460,47,got this for my grandparents because they love s but always have to clean it up when company comes over,4.0,0.0,5,20737
77,159719,159719,57228,1922,this is a fun and challenging  to put together,1.0,1.0,3,159719
78,192425,192425,68598,2993, they asked me to tell them the upc code and a specific manufacturing code found on the box and asked me to take pictures of where the damaged piece would go i assumed so they would be able to send me a properly cut replacement piece,2.0,-1.0,4,192425
79,92217,92217,32716,473,i was pleasantly surprised at the wonderful quality of this ,3.0,1.0,5,92217
80,80163,80163,28209,326, i know that this  will last me a long time,4.0,1.0,5,80163
81,12134,12134,4350,22,my most favorite ,4.0,1.0,5,12134
82,191607,191607,68283,2949, will probably donate it to the library for someone else to put together,4.0,0.0,3,191607
83,47883,47883,17109,163, we have to find another good one to stump this with this year,4.0,0.0,5,47883
84,86107,86107,30411,390, it's a beautiful  and we love the story that goes along with it so we were very excited to get it finished and put it on the wall,3.0,1.0,3,86107
85,63360,63360,22142,215, i was looking for something more challenging and this just didn't fit the bill,1.0,-1.0,3,63360
86,182883,182883,65363,2610, i am an avid  worker and have used this brand before,4.0,0.0,1,182883
87,9781,9781,3598,15, when we received the box the pieces were loose inside a box that was just taped closed,4.0,-1.0,1,9781
88,150412,150412,53923,1607, we have had to pull at least a dozen pieces out once we realized what was going on,4.0,0.0,2,150412
89,27257,27257,9664,65, this  is perfect for a group of friends to do over coffee or punch and cookies and talk about the ones you've read and all the enjoyment that comes with that,4.0,1.0,5,27257
90,147370,147370,52862,1523, it was a great challenge,1.0,1.0,5,147370
91,12372,12372,4453,22,hard enough to be interesting but easy enough to be relaxing and enjoyable ,1.0,1.0,5,12372
92,135492,135492,48510,1184,our family is hooked on  s,4.0,0.0,5,135492
93,111366,111366,39668,698, very nice print,3.0,1.0,5,111366
94,82991,82991,29230,345, this was given to me as a gift,4.0,0.0,5,82991
95,62079,62079,21735,212, s start and end with ,4.0,0.0,5,62079
96,210932,210932,75092,4023, after building this  it was missing a piece we build s in the living room which is literally not used for anything else,1.0,-1.0,1,210932
97,138084,138084,49392,1269, pieces are a nice size,2.0,1.0,5,138084
98,9396,9396,3485,14,the photo on the box is amazingly small,3.0,-1.0,1,9396
99,3918,3918,1399,4,love this very helpful i just did a 24x30 1000 piece though certainly not enough space until i did a good portion of it ,4.0,0.0,5,3918
100,9359,9359,3466,14, s never disappoint,4.0,1.0,4,9359
101,116372,116372,41579,777, it really is a gorgeous ,3.0,1.0,4,116372
102,175331,175331,62808,2345, the pieces lock perfectly,2.0,1.0,5,175331
103,154554,154554,55328,1731, the pieces are large and very sturdy,2.0,1.0,5,154554
104,146199,146199,52413,1504, it does the job,4.0,0.0,2,146199
105,101261,101261,35960,581, not too hard and not too easy,1.0,1.0,5,101261
106,37237,37237,13297,117, some fit in more than one place and some were hard to get apart without bending a piece,2.0,-1.0,4,37237
107,79701,79701,28053,324,82 year old mother loves this board for her s,4.0,0.0,5,79701
108,8752,8752,3186,14,was a lot of fun to put together,4.0,1.0,5,8752
109,108101,108101,38452,649,this was my first hennessy  and loved it,4.0,1.0,5,108101
110,211113,211113,75144,4032, fun to put together especially if you like cats,4.0,1.0,4,211113
111,202403,202403,72074,3468,great item beautiful picture ,3.0,1.0,5,202403
112,50624,50624,18051,169, we will use it in the future to store a  that is half done but not for much else,4.0,0.0,3,50624
113,220255,220255,77978,4633,great ,4.0,1.0,5,220255
114,40133,40133,14361,131, the felt top is awesome for holding the  in place and difficult to move once placed,4.0,1.0,4,40133
115,93790,93790,33328,493, thank you so much,4.0,1.0,5,93790
116,186225,186225,66449,2719,i'm an invalide and a jigsaw  addict so i consider myself an expert on s,4.0,1.0,5,186225
117,233138,233138,82172,6719, however my father-in-law was very happy with his gift & said he would be working the  yet this winter,4.0,1.0,5,233138
118,62756,62756,21950,214, even the edges took several attempts to get right,4.0,0.0,5,62756
119,124834,124834,44702,933, you won't want to stop working on it,4.0,1.0,5,124834
120,90928,90928,32215,453, only to be so excited to place the last piece and it was missing from the package,0.0,-1.0,1,90928
121,81757,81757,28711,337,great gift,4.0,1.0,5,81757
122,84355,84355,29758,360,so let me know if you need them,4.0,1.0,3,84355
123,99938,99938,35449,562,beautiful quality color and  pieces fit well together,2.0,1.0,5,99938
124,179754,179754,64322,2490, it's a  so it's good quality low glare,3.0,1.0,5,179754
125,66509,66509,23362,232, i still could look at the box lid if i wanted to the box lid also comes with a convenient stand but i frequently looked at the laminated sheet,4.0,0.0,5,66509
126,217456,217456,77062,4409,really loved working on this ,4.0,1.0,5,217456
127,206823,206823,73629,3727, we framed it and it is now my five year old's favorite way to introduce doctor who to everyone who enters our home,4.0,1.0,5,206823
128,207765,207765,73985,3803,product was as described and delivered in a timely manner,4.0,1.0,5,207765
129,24777,24777,8822,60, the next time i get in the mood for a  i will definitely be buying a  ,4.0,1.0,4,24777
130,125311,125311,44867,946,very good ,4.0,1.0,5,125311
131,13824,13824,4902,30, the entire family enjoyed putting it together helping each other find pieces of candy bars,4.0,1.0,5,13824
132,133490,133490,47779,1129, i read other reviews and i guess it's a persistent issue with them,4.0,0.0,3,133490
133,143915,143915,51608,1438, i just don't understand,4.0,0.0,1,143915
134,78778,78778,27781,320, the one complaint is how much dust the pieces produced,4.0,-1.0,4,78778
135,36223,36223,12941,111, finally finished,4.0,0.0,3,36223
136,61570,61570,21535,205, we always do a  on vacation ,4.0,0.0,5,61570
137,6521,6521,2396,7,i would definitely recommend this ,4.0,1.0,5,6521
138,219234,219234,77626,4532,great ,4.0,1.0,5,219234
139,187966,187966,67028,2789, this particular  is among my favorite,4.0,1.0,5,187966
140,74659,74659,26272,286, all the prices were there and fit together nicely,2.0,1.0,5,74659
141,96990,96990,34351,523, would highly recommend,4.0,1.0,5,96990
142,108483,108483,38584,654, easy to assemble,1.0,1.0,5,108483
143,121426,121426,43426,860,enjoyed this ,4.0,1.0,5,121426
144,14254,14254,5050,30,love these s so much they're so fun to do excellent quality free fast shipping ,3.0,1.0,5,14254
145,51939,51939,18484,169, my cats knocked the closed case off the table and it stayed closed and kept the  and pieces intact i am very satisfied w this product,4.0,1.0,5,51939
146,220308,220308,77996,4639,this  looked really nice when put together,3.0,1.0,5,220308
147,37073,37073,13274,116, at the same time an obviously correct piece might not fit snugly enough,2.0,-1.0,2,37073
148,154382,154382,55273,1723,fun,4.0,1.0,5,154382
149,31785,31785,11429,91, we started with the frame and then worked along the top and bottom edges,4.0,0.0,5,31785
150,64570,64570,22660,223,  has delivered a beautiful ,3.0,1.0,5,64570
151,80577,80577,28333,326,beautiful dragon  love it,3.0,1.0,5,80577
152,187428,187428,66861,2768,this was given as a gift,4.0,0.0,5,187428
153,154378,154378,55273,1723,in addition to a number of funky mid-century images how much do i love vintage trailers with its the egg-shaped airstreams situated among pink flamingos,4.0,1.0,5,154378
154,36950,36950,13240,115,everything about this company and their products is amazing,4.0,1.0,4,36950
155,113707,113707,40531,732,beautiful  ,3.0,1.0,5,113707
156,78696,78696,27757,319,great ,4.0,1.0,5,78696
157,223243,223243,78929,4928, i love the artwork and only wish the  pieces were not so loose,3.0,1.0,5,223243
158,98611,98611,34997,547, i looked over other reviews and noticed that 10 out of 84 reviews noted the same problem,4.0,0.0,2,98611
159,78928,78928,27840,321,love the shaded s,4.0,1.0,5,78928
160,79904,79904,28127,324,hard but fun ,1.0,1.0,5,79904
161,70838,70838,25000,256, plenty of room for those larger s,4.0,0.0,5,70838
162,164992,164992,59280,2046,shipped with in a week,4.0,0.0,5,164992
163,88870,88870,31428,424,box came opened and pieces looked like they'd been chewed on by someone's dog,4.0,-1.0,1,88870
164,106771,106771,37947,642,this  is a bit challenge compare to other s he had done there were a lot of tricky pieces shaped like the edge pieces,1.0,1.0,5,106771
165,112170,112170,39959,708,eggshellant,4.0,0.0,5,112170
166,111987,111987,39879,706, looks nice with completed,3.0,1.0,5,111987
167,115896,115896,41393,774,this is a beautiful  when finished,3.0,1.0,5,115896
168,100796,100796,35785,576, was this item previously made in the usa but recently switched over to china and they even screwed up the translation,4.0,-1.0,1,100796
169,92648,92648,32892,480, pieces are of odd shapes so it's not your run of the mill ,4.0,0.0,5,92648
170,79128,79128,27911,322,the pieces are really small and the colors of them is the same that you can not really distinguish any differences and it will take for ever to finish the game,1.0,-1.0,3,79128
171,90749,90749,32139,448, the sturdy pieces are high quality with no layer separation or bent corners,2.0,1.0,5,90749
172,164610,164610,59139,2041, the quality of the  pieces is excellent,3.0,1.0,5,164610
173,212483,212483,75595,4128,very challenging but fun  to do,1.0,1.0,4,212483
174,8286,8286,3064,14, can't wait to get my next one,4.0,0.0,5,8286
175,109794,109794,39047,669,love the  s because of the quality and i like the design ideas they have for the images,3.0,1.0,5,109794
176,104299,104299,37027,616, they are also very unusual pieces with odd shapes and sizes,4.0,0.0,4,104299
177,130317,130317,46649,1054, will buy more heye s for sure ,4.0,0.0,5,130317
178,149800,149800,53695,1595, now trying to work on items,4.0,0.0,5,149800
179,13640,13640,4854,30, we had a group of teenagers come over before a big dance and they ended up staying and working on the  with us,4.0,0.0,5,13640
180,199699,199699,71108,3322, it was a fun and challenging ,1.0,1.0,5,199699
181,176735,176735,63259,2368,love it,4.0,1.0,5,176735
182,3912,3912,1397,4,great  accessory,4.0,0.0,4,3912
183,181658,181658,64951,2566,this is was a great item,4.0,1.0,5,181658
184,203202,203202,72360,3517, she enjoyed the challenge and thought the picture was pretty,1.0,1.0,4,203202
185,21752,21752,7830,49, i was going to frame it,4.0,0.0,1,21752
186,59715,59715,20931,202,omg best accessory purchase ever,4.0,1.0,5,59715
187,220140,220140,77930,4630,the  was more of a challenge,1.0,1.0,4,220140
188,7997,7997,3012,13, challenging but not too hard,1.0,1.0,5,7997
189,184078,184078,65714,2641, this  was challenging,1.0,1.0,4,184078
190,171872,171872,61589,2235, that's when you know it's a challenging ,1.0,1.0,5,171872
191,146692,146692,52575,1511, i have all three and wish he would do another one,4.0,1.0,5,146692
192,70381,70381,24838,252, one you get the general idea of the border you notice the slight differences,4.0,0.0,5,70381
193,223371,223371,78972,4939, mine had low dust and a few backing-attached pieces,4.0,1.0,5,223371
194,54268,54268,19202,180,i loved the challenge and the beautiful picture but there was just one piece missing : still was a great time to complete though,0.0,-1.0,4,54268
195,69069,69069,24341,244, a  on the table gives us something to do and something to focus on and brings out great conversation and team work,4.0,1.0,5,69069
196,68473,68473,24115,244, i don't think i will buy another  ,4.0,-1.0,1,68473
197,91757,91757,32512,467, he felt a real sense of accomplishment when completed,4.0,1.0,5,91757
198,103243,103243,36650,607,happy with the ,4.0,1.0,5,103243
199,173584,173584,62216,2299,a very difficult  took 4 of us about 6 hours total to finish but very good quality ,1.0,1.0,5,173584
200,150680,150680,54045,1617, mom & jim ,4.0,0.0,2,150680
201,201629,201629,71793,3426,that one is a must,4.0,0.0,5,201629
202,92309,92309,32747,474,i love these s,4.0,1.0,5,92309
203,99438,99438,35264,558, although it was somewhat challenging for us mother is 86 and despite her complaints about not being able to see very well she managed to do her part we still had a lot of fun,1.0,1.0,5,99438
204,114713,114713,40935,749, very sloppy very disappointing,4.0,-1.0,1,114713
205,107984,107984,38430,648, many pieces have writing on them which 1 tells you how the piece should be oriented and 2 you can often find its exact location using the reference picture on the box,4.0,0.0,5,107984
206,148412,148412,53243,1571, i would not recommend,4.0,-1.0,2,148412
207,1913,1913,638,1,great gift for my mom for christmas ,4.0,1.0,5,1913
208,183158,183158,65468,2618,a difficult but fun ,1.0,1.0,5,183158
209,13429,13429,4813,30, the  pieces are in many cases to long and skinny so they are already bent right out of the box and do not fit well together,2.0,-1.0,2,13429
210,124349,124349,44512,916, it was a lot of fun to piece it together,4.0,1.0,5,124349
211,13907,13907,4929,30, we finished it in less than a day but our daughter decided she was going to give it a go as well,4.0,0.0,5,13907
212,35489,35489,12708,106,great ,4.0,1.0,4,35489
213,141160,141160,50587,1374,perfect,4.0,1.0,5,141160
214,115616,115616,41282,765,fun ,4.0,1.0,3,115616
215,146660,146660,52568,1511, and so pretty,4.0,1.0,5,146660
216,38395,38395,13646,121, the edge had to be rearranged a few times before we could make it all fit together correctly,2.0,-1.0,3,38395
217,60155,60155,21050,202, a bit heavy but i did get the 1500 piece so that's expected,4.0,0.0,5,60155
218,120953,120953,43219,853, you can't use the same old tricks as you can with non photo mosaic s,4.0,0.0,5,120953
219,169286,169286,60731,2154, it was gorgeous but something bothered me about the picture,4.0,0.0,1,169286
220,469,469,71,1, it is well made which i one of the things i love about buffalo games s,3.0,1.0,5,469
221,43295,43295,15450,135, i ordered another of her s before i finished this one,4.0,0.0,3,43295
222,74253,74253,26168,284, i will definitely buy more,4.0,1.0,4,74253
223,116551,116551,41642,781, we found the  challenging enough,1.0,1.0,4,116551
224,165560,165560,59479,2065,the picture is peaceful but putting it together was quite a challenge,1.0,1.0,5,165560
225,169112,169112,60662,2154,unfortunately low quality ,3.0,-1.0,2,169112
226,148047,148047,53112,1551,got this for my mom,4.0,0.0,4,148047
227,104489,104489,37088,616, makes for a challenge to put together but it can be done,1.0,1.0,2,104489
228,146984,146984,52690,1513, the  piece size is easy to grip and it did not pull away from the picture,2.0,1.0,5,146984
229,159158,159158,57004,1904,love the little pictures on each of the 1000 pcs,4.0,1.0,5,159158
230,82127,82127,28894,337,great challenge,1.0,1.0,5,82127
231,15115,15115,5462,30,my kids ages 9-17 all loved this ,4.0,1.0,5,15115
232,118950,118950,42511,828,challenging and fun,1.0,1.0,5,118950
233,79983,79983,28168,324, it's great for games ticket to ride fans take note,4.0,1.0,5,79983
234,183645,183645,65587,2634, whatever,4.0,0.0,5,183645
235,225273,225273,79576,5152, the house and barn were relatively easy to assemble but the grass and trees added a few extra challenges,1.0,1.0,5,225273
236,195295,195295,69587,3113, i thought this rather lame at least compared to the storybook enhancements that moonbot studios have added where animations appear over their new children's books,4.0,-1.0,4,195295
237,11052,11052,4000,21, good quality,3.0,1.0,4,11052
238,123096,123096,44012,887, kind of a bummer,4.0,-1.0,2,123096
239,15741,15741,5651,31, plastic inflatable insert was tough to initially inflate due to the valve,4.0,-1.0,4,15741
240,57368,57368,20247,195,too hard,1.0,-1.0,1,57368
241,94275,94275,33500,500, and of course solve it in time,4.0,0.0,5,94275
242,43986,43986,15701,138,i'm in love with ingooood s,4.0,1.0,5,43986
243,5103,5103,1858,4, i highly recommend it,4.0,1.0,5,5103
244,122627,122627,43848,882,good one to have ,4.0,1.0,5,122627
245,35050,35050,12536,106,loved doing this ,4.0,1.0,5,35050
246,132812,132812,47534,1113,pieces are very hard to determined if they fit or not,2.0,-1.0,3,132812
247,55270,55270,19551,186,you can't do this  like most others,4.0,0.0,4,55270
248,143651,143651,51514,1430, much harder than most ,1.0,1.0,5,143651
249,71382,71382,25141,256, not all 1000 pc s are the same size so go for the jumbo 1500 piece size,4.0,0.0,5,71382
250,111614,111614,39734,702,loved putting this one together,4.0,1.0,5,111614
251,178877,178877,64075,2460, no complaints with the service,4.0,1.0,5,178877
252,151237,151237,54216,1631, normally i'd probably rate it 4 stars but i think the manufacturer earned 5 for not just cashing in on the license as they could have but instead handling it with care,4.0,1.0,5,151237
253,133847,133847,47918,1134, not possible on my end that these were lost and let's face it to lose 27 pieces is kinda of ridiculous,0.0,-1.0,1,133847
254,215595,215595,76428,4264,good quality easy to do,1.0,1.0,5,215595
255,30752,30752,11026,84,much fun,4.0,1.0,5,30752
256,89099,89099,31532,428, in reality the picture is a strange composite of photoshopped snowmen,3.0,-1.0,1,89099
257,210536,210536,74957,3993,fun ,4.0,1.0,5,210536
258,71892,71892,25293,261,lots of colors made sorting and completing it easier than i thought it would be,1.0,-1.0,5,71892
259,33930,33930,12192,100, this makes finding edge pieces very difficult,1.0,1.0,5,33930
260,46774,46774,16701,157, it was extremely hard even for my 14 year old sister,1.0,1.0,4,46774
261,28651,28651,10234,71,great ,4.0,1.0,5,28651
262,62885,62885,21983,214, it was definitely worth a challenge and hard to put down once you started putting the pieces together,1.0,1.0,5,62885
263,147069,147069,52739,1513,loved the colors would have given it a5 except for the difficultly of separating pieces that didn't belong together ,2.0,-1.0,4,147069
264,196252,196252,69897,3148, we glued it together and framed it and its a great conversation piece,4.0,1.0,4,196252
265,98927,98927,35104,547,this would have been better as a 500 piece ,4.0,1.0,3,98927
266,97768,97768,34647,536, update as of 12/31/2017- i spoke with the company aquarius since it was no longer able to be returned by the time i got around to doing the  and to my surprise and satisfaction they have replaced the  and therefore i give them 5 stars of course you would have to prove you bought itreceipt/pictures etc but that wasnt a problem for me cause i bought it,4.0,1.0,1,97768
267,74498,74498,26225,286, we took it on a family vacation by process of elimination doing what was easiest first we finished with the trunk,4.0,1.0,4,74498
268,63003,63003,22044,214, the pieces are well made and fit together perfectly although some non matching pieces fit deceptively well too,2.0,1.0,5,63003
269,85971,85971,30361,388, unique cut pieces which fit well,2.0,1.0,5,85971
270,165081,165081,59309,2048,the pieces were a little loose fitting and didn't stay together very well but for the price it was a fun ,2.0,-1.0,3,165081
271,174743,174743,62660,2332, hardest  i have ever done but love it,1.0,1.0,5,174743
272,201011,201011,71569,3382,only 999 pieces,0.0,-1.0,1,201011
273,17582,17582,6382,39,3 6 and 8 year olds loved it,4.0,1.0,5,17582
274,29844,29844,10672,80, box clearly states it's included and it's in the picture,4.0,0.0,2,29844
275,84917,84917,29952,365, it is one of the more difficult s we did but that made it fun,1.0,1.0,5,84917
276,38429,38429,13671,121,this  was missing one piece,0.0,-1.0,1,38429
277,81475,81475,28636,334,this is nice but a little expensive ,4.0,1.0,5,81475
278,76323,76323,26889,304, makes it incredibly confusing to put together,1.0,1.0,2,76323
279,82727,82727,29113,345, the picture isn't very painting like so it's easy to match up objects,1.0,-1.0,5,82727
280,60809,60809,21247,204, but i love a challenging  so i very much enjoyed the large amount of time i spent working on this one,1.0,1.0,5,60809
281,133193,133193,47675,1124,small pieces difficult to assemble ,1.0,1.0,4,133193
282,176425,176425,63149,2353, yet that little piece of sky,4.0,0.0,5,176425
283,221059,221059,78230,4707, it was a gift for my dad and he finished it already,4.0,0.0,4,221059
284,134958,134958,48322,1165, we loved the picture once finished but were happy that we could bring out another  with a clearer picture,4.0,1.0,5,134958
285,41690,41690,14849,132,my wife and i put these things together while listening to books on cds and chatting,4.0,0.0,5,41690
286,219058,219058,77567,4520,so cute,4.0,0.0,5,219058
287,211820,211820,75402,4085,nice picture with hours of puzzling,1.0,1.0,4,211820
288,75523,75523,26616,294,this  had it's challenges but worth the effort,1.0,1.0,5,75523
289,113417,113417,40419,730, it fits all our 1000 piece s,4.0,1.0,5,113417
290,126346,126346,45221,966, i couldn't even put together the entire edge until i had maybe 30 pieces left,4.0,0.0,5,126346
291,126491,126491,45258,967, great  and great quality,3.0,1.0,5,126491
292,82119,82119,28889,337,love it,4.0,1.0,5,82119
293,230823,230823,81422,6139,nice ,4.0,1.0,5,230823
294,136253,136253,48778,1205, oh well,4.0,0.0,1,136253
295,43349,43349,15478,135, this happened to us with the same brand of  from amazon about a year ago,4.0,0.0,1,43349
296,207650,207650,73934,3791,this  is so dark you can barely tell the rocks trees and sea from each other,3.0,-1.0,1,207650
297,173986,173986,62369,2311, i would have given it four if the picture had been clearer,3.0,-1.0,3,173986
298,201816,201816,71852,3437, highly recommend,4.0,1.0,5,201816
299,71713,71713,25247,261, i can understand the perspective of the reviewers who gave it one or two stars because of certain negatives - mainly  quality and in some cases a missing piece mine had no missing pieces so that wasn't an issue,3.0,-1.0,5,71713
300,194792,194792,69438,3105,75 x 19,4.0,0.0,5,194792
301,201471,201471,71735,3412,i bought this for my 9 year old daughter,4.0,0.0,5,201471
302,120868,120868,43182,853,extremely difficult to do this ,1.0,1.0,2,120868
303,116480,116480,41611,779,this is a wonderful picture of christs birth,4.0,1.0,5,116480
304,47394,47394,16949,158, lots of printed areas; no big areas of one color,4.0,0.0,5,47394
305,204997,204997,72994,3610,  s never disappoint and are very well made,3.0,1.0,5,204997
306,894,894,178,1,i was a little disappointed by this ,4.0,-1.0,3,894
307,63413,63413,22164,215,harder  than i expected but pieces good and solid,1.0,1.0,3,63413
308,120062,120062,42907,843,will be hanging this in my home office ,4.0,0.0,5,120062
309,179280,179280,64214,2480, gave it away,4.0,0.0,3,179280
310,161214,161214,57778,1958, no missing pieces well-constructed ,0.0,1.0,5,161214
311,32904,32904,11808,95, it had been on the same table all the time,4.0,0.0,5,32904
312,157885,157885,56553,1849,the  has some discrepancies from the box photo,3.0,-1.0,1,157885
313,170113,170113,61003,2187, the picture is beautiful and there is plenty of detail in the houses and cliffs,3.0,1.0,5,170113
314,59601,59601,20907,202, it is heavy but that weight comes with the quality of construction needed to support and protect your work,3.0,1.0,5,59601
315,91504,91504,32427,464, little challenging but worth it,1.0,1.0,5,91504
316,112931,112931,40254,723,very challenging ,1.0,1.0,5,112931
317,79224,79224,27955,322,got this as a gift for my  master friend's birthday,4.0,0.0,5,79224
318,68955,68955,24291,244, santa was the hardest part prepare yourself to be use your patience,1.0,1.0,5,68955
319,82088,82088,28870,337,given as a gift ,4.0,0.0,5,82088
320,6004,6004,2187,5,10/10 would recommend ,4.0,1.0,4,6004
321,166692,166692,59816,2078,great transaction/product ,4.0,1.0,5,166692
322,110768,110768,39428,690,love this  ,4.0,1.0,5,110768
323,42521,42521,15069,134, i'm not a  aficionado so i probably should have known that - made the mistake of putting loose pieces in the box bottom,4.0,-1.0,5,42521
324,217411,217411,77049,4409, all things sort of flow into one another and the colors are very similar,4.0,0.0,3,217411
325,57191,57191,20161,195, i love s but this is the hardest  i have ever done,1.0,1.0,2,57191
326,57852,57852,20410,199, we love doing them together and since he's read all the books he thinks these s are great fun,4.0,1.0,5,57852
327,211747,211747,75381,4080, awesome colors and fun theme,4.0,1.0,5,211747
328,101490,101490,36053,587,i have worked a lot of very hard s but this is a whole new level with the shapes,1.0,1.0,3,101490
329,22302,22302,8098,50, looked simple enough,4.0,0.0,4,22302
330,218141,218141,77268,4463, was obviously a prior return pieces were placed in a zip-lock bag,4.0,0.0,1,218141
331,83697,83697,29519,351,there were 11 missing pieces from this ,0.0,-1.0,1,83697
332,52513,52513,18595,169, when the  store was in use i found it fit nicely under any of our beds under all of our sofas including a love seat and also flat in the trunk of our car,4.0,0.0,5,52513
333,185617,185617,66251,2694,this was a hard and challenging ,1.0,1.0,4,185617
334,119005,119005,42532,828,some of the edges didn't have nubs or cut out for nubs,2.0,-1.0,1,119005
335,211284,211284,75197,4040, is good concept we enjoyed that part of it but the pieces are ill fitting,2.0,-1.0,3,211284
336,20989,20989,7581,47, however this was a real disappointment,4.0,-1.0,1,20989
337,133634,133634,47825,1129, i love how nicely the pieces fit into each other,2.0,1.0,5,133634
338,153669,153669,55048,1706,this is easily the best  i have ever seen,4.0,1.0,5,153669
339,156556,156556,56057,1806, this is a replica of an piece of art and is geometrical at the same time so it was perfect for them,4.0,0.0,4,156556
340,234028,234028,82425,6922, i love it,4.0,1.0,5,234028
341,209781,209781,74680,3937, the large piece size and different shapes make it fun to assemble theirs,4.0,1.0,5,209781
342,92925,92925,32974,482,challenging and good family fun ,1.0,1.0,5,92925
343,177474,177474,63543,2396, i just love the quality of buffalo s,3.0,1.0,5,177474
344,93807,93807,33335,493,really neat & fun ,4.0,1.0,5,93807
345,11605,11605,4195,21,fun  for the family,4.0,1.0,5,11605
346,98727,98727,35023,547,looked so good by the time it was done we framed it and hung it up,3.0,1.0,5,98727
347,126503,126503,45263,967, we will be looking for more s from this company,4.0,1.0,5,126503
348,196555,196555,70013,3163, some areas were a challenge but that made it fun,1.0,1.0,5,196555
349,93846,93846,33355,493,i love this ,4.0,1.0,5,93846
350,126366,126366,45228,966, but it was perfectly fine,4.0,1.0,4,126366
351,192145,192145,68492,2973, my teenagers and pre-teen are friends and this  helped them realize that,4.0,1.0,5,192145
352,121542,121542,43471,861,regards helga,4.0,0.0,3,121542
353,99271,99271,35223,555,i love  s but i should have paid attention to the fact that there is a lot of brown and shades of brown in this one,4.0,1.0,3,99271
354,233746,233746,82349,6861, i expect better from a brand new  that was sealed,4.0,-1.0,3,233746
355,107356,107356,38176,644,great ,4.0,1.0,5,107356
356,22571,22571,8180,52, problem is anything larger than a 500-piece  doesn't allow a large enough surface area on the 42 round table that we use--until we found this ,4.0,1.0,5,22571
357,185427,185427,66191,2688, it took several weeks to put together but i was happy with the final product,4.0,1.0,5,185427
358,164273,164273,59013,2038,too easy,1.0,-1.0,3,164273
359,78633,78633,27714,319, i am not a  person but it met my expectation and my family enjoyed putting it together,4.0,1.0,5,78633
360,88157,88157,31193,416, but those 2 pieces are totally opposite so how can i had swapped them,4.0,0.0,5,88157
361,214421,214421,76135,4221,this is  meets ravenburger's normal excellent standards for quality and has a beautiful scene to create,3.0,1.0,5,214421
362,44889,44889,16023,142,unfortunately the pieces were too dark and made it hard to see,3.0,-1.0,2,44889
363,84466,84466,29793,361,we eventually finished the ; the colors and design were excellent,4.0,1.0,2,84466
364,96736,96736,34273,522, also fun for me and i put it together on one end of my dining room table,4.0,1.0,5,96736
365,79835,79835,28095,324, great products great company to buy from,4.0,1.0,5,79835
366,82249,82249,28943,337, you cannot see this minor detail when ordering,4.0,-1.0,4,82249
367,216604,216604,76756,4336,i love jigsaw s and this one is gorgeous,4.0,1.0,5,216604
368,16363,16363,5926,31, its great,4.0,1.0,5,16363
369,155857,155857,55807,1774,i had to have this product replaced because a piece was missing on the first one,0.0,-1.0,4,155857
370,186985,186985,66672,2741,fun,4.0,1.0,5,186985
371,63418,63418,22165,215,com and they will hook you up,4.0,1.0,5,63418
372,167808,167808,60204,2119, i've been building s consistently for years and i've gotten quite good at it but even this one took a bit,4.0,0.0,5,167808
373,90070,90070,31890,436, highly recommend ,4.0,1.0,5,90070
374,228927,228927,80804,5767, it takes some time but it is well worth it ,4.0,1.0,5,228927
375,197648,197648,70408,3221,a high quality  that is challenging but fun,3.0,1.0,5,197648
376,71786,71786,25259,261, all the titles and/or authors are modified cat names i,4.0,0.0,5,71786
377,57508,57508,20295,196,i love buffalo games s,4.0,1.0,5,57508
378,90718,90718,32132,447, this  is 1000 pieces and is 20x27 inches totally beautiful when finished well worth buying and taking the time to complete it my favourite parts of the  were doing the jack-o-lantern pumpkins and the cute trick-or-treaters all pieces were present and accounted for none were ripped or bent the only disappointing factor for me was the length i had to go to obtain this  it seems amazon,0.0,1.0,5,90718
379,138776,138776,49660,1294, but we were missing 5 peaces,0.0,-1.0,4,138776
380,72308,72308,25477,267,the pieces didn't lock in like it says,2.0,-1.0,1,72308
381,42179,42179,14994,133,great value ,4.0,1.0,5,42179
382,25907,25907,9175,61, how long have they been making puzzels,4.0,0.0,2,25907
383,176264,176264,63116,2353, had so much fun with this ,4.0,1.0,5,176264
384,140216,140216,50218,1320,i enjoyed this  for the great image with architectural interest and the challenge that all of the detail provided,4.0,1.0,5,140216
385,158813,158813,56901,1890, very dissatisfied,4.0,-1.0,1,158813
386,62551,62551,21893,212, it is significantly darker than the image on the box which muted the colors making the completed  drab,3.0,-1.0,3,62551
387,133267,133267,47702,1127, i hope the  quality itself was better,3.0,-1.0,4,133267
388,135752,135752,48607,1193, it was also the most colorful  i ever did,4.0,1.0,5,135752
389,186823,186823,66607,2737,my first cobble hill  and i was very pleased with the quality,3.0,1.0,5,186823
390,156759,156759,56127,1808,absolutely brilliant,4.0,1.0,5,156759
391,52237,52237,18577,169, this turned out to be completely the opposite as i found very quickly that this thing can hardly stay closed on its own,4.0,-1.0,1,52237
392,97594,97594,34585,532, but the pieces are not so large that it is simple to put the  together,4.0,0.0,5,97594
393,120401,120401,43044,851,very beautiful  ,4.0,1.0,5,120401
394,38008,38008,13503,119, somewhat frustrating,1.0,1.0,4,38008
395,141172,141172,50592,1375, the  itself turned out to be one of the most pleasurable and addictive i've done in some time,4.0,1.0,5,141172
396,60343,60343,21121,202, it is great,4.0,1.0,5,60343
397,211776,211776,75392,4084, the shapes are unique so it makes finding the piece you need like an all blue sky quite easy,4.0,1.0,4,211776
398,43723,43723,15595,136, i buy only  s as the quality is second to none,3.0,1.0,3,43723
399,230108,230108,81184,6000,havent put it together yet but looks good,4.0,1.0,5,230108
400,185252,185252,66113,2687, she enjoys doing s so i thought this looked close to the house she grew up in and hoped she would get a kick out putting this one together,4.0,1.0,5,185252
401,188697,188697,67289,2809, overall happy with the purchase,4.0,1.0,4,188697
402,45856,45856,16372,145,it has a beautiful scene and the person i gave it to as a gift loves it,3.0,1.0,4,45856
403,89514,89514,31704,431,very nice ,4.0,1.0,5,89514
404,208654,208654,74326,3869, the gold accents are great - beautiful when mounted and hung,3.0,1.0,5,208654
405,152022,152022,54496,1658, i am,4.0,0.0,3,152022
406,140572,140572,50357,1337, good job,4.0,1.0,5,140572
407,229330,229330,80955,5871, looked everywhere but it definitely came without one piece,0.0,-1.0,3,229330
408,52548,52548,18599,169, it was an expensive failure in my eyes,4.0,-1.0,3,52548
409,46614,46614,16657,153, part of the water between a couple of the boats is not green/blue like it should be it's a tan color like the walkway,3.0,-1.0,4,46614
410,120035,120035,42892,843, happy with the purchase if not my  skill level,4.0,1.0,4,120035
411,154490,154490,55306,1727, we even bought another  like this one and the pieces were cut different ,4.0,0.0,1,154490
412,49747,49747,17835,168, however i found it to be very enjoyable and felt a great sense of accomplishment once it was finished,4.0,1.0,5,49747
413,33415,33415,11978,96, they are all high definition and busy,3.0,1.0,5,33415
414,12232,12232,4409,22, fun ,4.0,1.0,5,12232
415,148029,148029,53104,1551, packaged well arrived in good condition,4.0,1.0,5,148029
416,105101,105101,37342,622,fun  ,4.0,1.0,5,105101
417,103941,103941,36931,613, i am going to return the ,4.0,-1.0,1,103941
418,57600,57600,20328,197, the fact that they are wood makes it harder,1.0,1.0,3,57600
419,158856,158856,56916,1896,i was looking for a beautiful but challenging  for adults and from the picture this one hit all the marks,1.0,1.0,2,158856
420,175311,175311,62802,2345, it is a unique  that provided hours of entertainment for me,4.0,1.0,5,175311
421,229301,229301,80943,5864, the colors are somewhat muted with colors that are faintly varied and flow together,3.0,-1.0,4,229301
422,103563,103563,36769,609,i've done higher quality s thus the 4 stars instead of 5 but for the price the quality is great,3.0,1.0,4,103563
423,107524,107524,38263,644,it was missing a piece ,0.0,-1.0,1,107524
424,39335,39335,14009,126, there is a love/hate relationship going on but i expect that when it is complete we will be in love with it,4.0,0.0,5,39335
425,168284,168284,60399,2140, lastly what a beautiful ,4.0,1.0,5,168284
426,183213,183213,65489,2620, the dimensions in the description aren't exactly accurate,4.0,-1.0,5,183213
427,193818,193818,69056,3044,i bought this  for my friend for her birthday it looked like a very nice ,4.0,1.0,2,193818
428,164426,164426,59075,2041, i'm the only one that goes in my  room and i've turned the place upside down and can't find them,4.0,0.0,4,164426
429,210740,210740,75040,4012,very nice image good printing quality and vivid colors,3.0,1.0,5,210740
430,185326,185326,66136,2687,nice but some of the backing on pieces missing ,0.0,-1.0,5,185326
431,7601,7601,2816,10,this took us to nights and well into the night,4.0,0.0,5,7601
432,27867,27867,9910,68, i found it hard to keep the pieces together when working on it,2.0,-1.0,5,27867
433,11059,11059,4003,21, it is beautiful no issues at all fitting together & sturdy,2.0,1.0,5,11059
434,66275,66275,23257,231,i am giving this  a 5 star rating because i have many  s and they all have been great,4.0,0.0,5,66275
435,226153,226153,79872,5288, the various buildings flowers children in the setting are fun to piece together,4.0,1.0,5,226153
436,152338,152338,54599,1669, all in all a great addition to our collection and will probably become a christmas staple in our family to get one each year to solve together,4.0,1.0,5,152338
437,224629,224629,79352,5069, this would allow to cheat since would help sort the pieces out by areas of the  easily,4.0,0.0,5,224629
438,136482,136482,48830,1209, they are the only s we put together anymore,4.0,0.0,5,136482
439,48691,48691,17440,163,great  with thick sturdy pieces,2.0,1.0,5,48691
440,179870,179870,64348,2491,quick delivery and cheap,4.0,1.0,5,179870
441,82357,82357,28969,340, i love that,4.0,1.0,5,82357
442,69434,69434,24465,249, the picture on the box looked good,4.0,1.0,5,69434
443,94123,94123,33465,499, maybe reverse the font sizes so the original artist gets due credit,4.0,0.0,5,94123
444,149303,149303,53536,1578, this brand of  has unique  piece shapes which made it more interesting,4.0,1.0,4,149303
445,9724,9724,3571,15,this one was very enjoyable,4.0,1.0,5,9724
446,23314,23314,8363,55,love the picture,4.0,1.0,5,23314
447,197549,197549,70357,3214, loves s especially john deere he was a farmer his whole life,4.0,1.0,5,197549
448,27479,27479,9750,65,we love all our  s and have become addicted to them,4.0,1.0,5,27479
449,25025,25025,8946,60,quality is pretty solid,3.0,1.0,5,25025
450,142662,142662,51124,1403, finally_ÙÕÑ ,4.0,0.0,5,142662
451,185834,185834,66309,2701, so much detail,4.0,1.0,4,185834
452,207925,207925,74051,3817, very hard,1.0,1.0,5,207925
453,205616,205616,73241,3646,i was so happy when i got my ,4.0,0.0,3,205616
454,31838,31838,11439,91, i have done one other star wars  same thousand piece and it was very challenging,1.0,1.0,5,31838
455,18491,18491,6703,42, pieces are sturdy and just feel like good quality,2.0,1.0,5,18491
456,14672,14672,5227,30,my grandmother loves s and candy so i bought this for her for christmas,4.0,1.0,4,14672
457,91802,91802,32535,467, very challenging and well mliked,1.0,1.0,5,91802
458,95868,95868,33917,510,beautiful colorful and enjoy putting together,4.0,1.0,4,95868
459,217251,217251,77003,4402,really enjoyed this ---took some concentration on the treesi enjoy charles wysocki  as the features for the most part are pretty sharp ,4.0,1.0,5,217251
460,142906,142906,51194,1407, this helps a ton when you're doing a  with a person who lacks vision and patience,4.0,1.0,5,142906
461,213937,213937,76009,4197,love the ,4.0,1.0,5,213937
462,193642,193642,68987,3028, the only problem is that they're going to finish it so quickly that i'll have to buy another one soon,4.0,1.0,5,193642
463,73929,73929,26055,282, my husband and i enjoyed working on this to help pass the time while watching general conference,4.0,1.0,5,73929
464,56620,56620,19972,189, it has a beautiful picture that is fun to work on the pieces are a nice thickness and stay in place where you put them,2.0,1.0,5,56620
465,214797,214797,76239,4233,but most importantly no missing pieces,0.0,1.0,5,214797
466,47993,47993,17139,163, i'm an addict,4.0,0.0,5,47993
467,198470,198470,70692,3271, the pale colors just made it tough,3.0,-1.0,4,198470
468,107046,107046,38034,644,bought this ,4.0,0.0,1,107046
469,102055,102055,36247,593,the quality is beautiful and the interlocking is well made,3.0,1.0,5,102055
470,130061,130061,46561,1047, i would recommend it to a family member or friend,4.0,1.0,5,130061
471,66439,66439,23344,231, product was new and looked just as expected,4.0,1.0,5,66439
472,227024,227024,80159,5435, if you want a fun challenge you can't miss,1.0,1.0,5,227024
473,15352,15352,5544,30,my father is 84 and i buy one of these wm collage s for him on almost every gift occasion,4.0,0.0,5,15352
474,195094,195094,69545,3110,i bought this  for my mom she does about one  a month and she really loved this one because it was dobby it is a fairly challenging  because one section of the  is one solid color which can always be challenging but she had so much fun putting it together,1.0,1.0,5,195094
475,221688,221688,78435,4777, the picture is a mosaic of portions of coca-cola advertisements from the 1950s and '60s,4.0,0.0,5,221688
476,221007,221007,78213,4703,colorful high-quality sortable grid-cut pieces and fine image made this a pleasure to assemble,3.0,1.0,5,221007
477,14297,14297,5066,30, never disappointed,4.0,1.0,5,14297
478,136968,136968,49013,1228,i was surprised at how quickly i received the ,4.0,1.0,5,136968
479,12003,12003,4284,22,  was a bit easier then others of the same brand imo,1.0,-1.0,5,12003
480,73478,73478,25897,278, drove me crazy,4.0,-1.0,1,73478
481,23761,23761,8477,56, of course she is way ahead of me and has about completed it at this time,4.0,0.0,4,23761
482,173511,173511,62185,2297, she keeps a jigsaw  going on her large coffee table all the time so a  is always a good gift idea for her,4.0,0.0,5,173511
483,129492,129492,46337,1028,this was a difficult  to work - mainly because many pieces appeared to fit together but weren't really the right pieces,2.0,-1.0,4,129492
484,103897,103897,36900,613,perfect ,4.0,1.0,5,103897
485,81858,81858,28755,337, but this  was pretty tough,1.0,1.0,5,81858
486,95804,95804,33880,510, absolutely beautiful and will be gifting finished  ,4.0,1.0,5,95804
487,127376,127376,45581,984, born in new hampshire and now living in florida was a good test on remembering location of villages ,4.0,0.0,5,127376
488,52280,52280,18579,169, a four person dining room table should accommodate it,4.0,0.0,4,52280
489,105330,105330,37438,623, love them,4.0,1.0,5,105330
490,167661,167661,60141,2117, i almost exclusively buy springbok s,4.0,0.0,4,167661
491,84631,84631,29862,361,7 whole days of less ipad doodling which made us very happy,4.0,0.0,5,84631
492,139544,139544,49970,1308, will be ordering more,4.0,1.0,5,139544
493,197636,197636,70401,3220,excellent product and service,4.0,1.0,5,197636
494,35428,35428,12681,106, i enjoy the artwork and loved reading the information about the artist that was included,4.0,1.0,5,35428
495,62444,62444,21867,212, they make quality s but,3.0,1.0,3,62444
496,67889,67889,23868,236,loved reviewing the millennium in  form,4.0,1.0,5,67889
497,223575,223575,79028,4955,we ordered this  and the  of maine both from the same maker,4.0,1.0,1,223575
498,87582,87582,31010,408,would recommend ,4.0,1.0,5,87582
499,138806,138806,49669,1295,bought as a gift,4.0,1.0,5,138806
500,221337,221337,78311,4737,update:since i posted this review i contacted the manufacturer sunsout and sent pictures of the amount of  that was cut off,4.0,0.0,2,221337
501,28436,28436,10127,69, well made,3.0,1.0,5,28436
502,23905,23905,8536,56,in a world of very mundane s this  is a beauty,3.0,1.0,5,23905
503,26981,26981,9601,65, so not only am i putting a  together i'm also kinda doing a  within a  because i have to match up all these paper images to the cardboard  pieces,4.0,0.0,2,26981
504,76473,76473,26985,304,really fun challenging ,1.0,1.0,5,76473
505,45463,45463,16214,143,gift to my granddaughters who have a doll house so this should be a fun item for them,4.0,1.0,5,45463
506,228763,228763,80755,5741,gail and i work about 20 1000 piece s each year,4.0,0.0,3,228763
507,66589,66589,23389,232,purchased for my stepfather who does s in the midwest winter time,4.0,0.0,5,66589
508,19361,19361,7053,44,pros:+challenging yet doable+fun events and people from the 1980's+excellent artwork+high quality cons:-only has one picture of mr,3.0,1.0,5,19361
509,21875,21875,7901,49,love these s,4.0,1.0,5,21875
510,36661,36661,13125,112, if you like a good challenge pick this up,1.0,1.0,5,36661
511,133751,133751,47882,1131,pros - beautiful picture vibrant colorcons - this  is full of pieces with flat edges,3.0,1.0,2,133751
512,76723,76723,27084,306, this is my first 1000 piece d ,4.0,0.0,5,76723
513,201558,201558,71764,3417,i love doing hautman brothers s,4.0,1.0,5,201558
514,162294,162294,58201,1998,nice introduction to the map of the us though the locations of alaska and hawaii are unfortunate,4.0,0.0,4,162294
515,126983,126983,45449,980,love the shape and artwork of this ,4.0,1.0,4,126983
516,68201,68201,23995,240, love the large pieces ,4.0,1.0,5,68201
517,84977,84977,29986,365,awesome ,4.0,1.0,5,84977
518,30857,30857,11066,85,i always enjoy the s that collage vintage signs and advertising and this was another good one,4.0,1.0,5,30857
519,39606,39606,14136,128, whew,4.0,1.0,4,39606
520,233344,233344,82235,6771,i love this artwork,3.0,1.0,5,233344
521,131923,131923,47241,1096, this is an excellent  and very well made,3.0,1.0,5,131923
522,5028,5028,1822,4,great for sorting  pieces by color,4.0,1.0,5,5028
523,151249,151249,54218,1631, i rely on boxes for assistance because i'm not so great at s i just like doing them,4.0,0.0,4,151249
524,220308,220308,77996,4639,this  looked really nice when put together,3.0,1.0,5,220308
525,122741,122741,43898,883,as always the hennessy s never fail to entertain,4.0,1.0,5,122741
526,39920,39920,14277,130, realy just good quality pieces,2.0,1.0,5,39920
527,118019,118019,42150,813,i have bought this  twice for different late elementary/early middle school kids and i'd buy it again - maybe for my family next time,4.0,0.0,5,118019
528,221310,221310,78305,4732,this was a gift,4.0,0.0,5,221310
529,55082,55082,19499,184, you could literally ignore the art and just fit the  using shape alone which is what he likes to do,4.0,0.0,5,55082
530,205377,205377,73144,3628,all the pieces fit together and make a picture ,2.0,1.0,5,205377
531,22036,22036,7965,50, a favorite pasttime,4.0,1.0,5,22036
532,230180,230180,81215,6017,i love this ,4.0,1.0,5,230180
533,38212,38212,13568,120, she is very pleased,4.0,1.0,5,38212
534,82032,82032,28837,337, taken with a full stadium as the tigers host the gators from florida it's a must have for any football fan,4.0,1.0,5,82032
535,165807,165807,59573,2072, just wish there was a bigger image of the  to work from,4.0,-1.0,5,165807
536,82570,82570,29051,342, i am very frustrated because i wanted to modge podge this and put it in my office ,4.0,-1.0,3,82570
537,233709,233709,82339,6853,i think this  could be good fun for others though especially if you like placing pieces by shape instead of by the picture,4.0,1.0,4,233709
538,1384,1384,376,1, i just wish i could find it in picture form to frame it,4.0,0.0,5,1384
539,79403,79403,27997,324, i looked at many options before settling on this one,4.0,0.0,5,79403
540,65599,65599,23006,227, great for cold nasty snowy winter days,4.0,1.0,4,65599
541,102303,102303,36310,593, this design was rather difficult and i do not recommend it for anyone with eye issues,1.0,-1.0,4,102303
542,200596,200596,71421,3356,loved this  we hodgepodge and have hanging in mancave,4.0,1.0,5,200596
543,51654,51654,18366,169, i also enjoy the sorters,4.0,1.0,5,51654
544,62729,62729,21945,214, sometime we had to go back and move pieces since we could not fit any other piece,4.0,-1.0,4,62729
545,52668,52668,18619,169,i am disappointed  your products are normally much better quality,3.0,-1.0,3,52668
546,19055,19055,6921,44,challenging but doable,1.0,1.0,1,19055
547,177571,177571,63558,2397, since i have been purchasing and making these magnificent s i will not buy any other brand,4.0,1.0,5,177571
548,231763,231763,81728,6362, i will be buying more of them,4.0,1.0,5,231763
549,91980,91980,32624,469, you couldn't do that with this  so it was a totally different experience for him,4.0,0.0,5,91980
550,218386,218386,77342,4469,awesome ,4.0,1.0,5,218386
551,36209,36209,12937,111,the overall look was very dark,3.0,-1.0,3,36209
552,139082,139082,49798,1302, the pieces fit together well all interlocking with similar shapes and the finished picture is enjoyable to look at,2.0,1.0,5,139082
553,59618,59618,20911,202, you can move the pieces around easily yet it keeps them in place,4.0,1.0,5,59618
554,79073,79073,27884,322, specifically requested by my great niece for christmas,4.0,1.0,4,79073
555,51115,51115,18169,169, i've used it now for three s and it's perfect,4.0,1.0,5,51115
556,71299,71299,25125,256, highly recommend ,4.0,1.0,5,71299
557,150412,150412,53923,1607, we have had to pull at least a dozen pieces out once we realized what was going on,4.0,0.0,2,150412
558,204004,204004,72629,3554,i love this puzzel,4.0,1.0,5,204004
559,233274,233274,82211,6752,given as a christmas present,4.0,0.0,5,233274
560,53121,53121,18772,174,fun picture,4.0,1.0,5,53121
561,14705,14705,5242,30,i became addicted to this ,4.0,1.0,5,14705
562,187520,187520,66888,2771, went together quickly,1.0,0.0,5,187520
563,217895,217895,77230,4459, a winter evening: your partner prepares two mugs of something warm and tasty when the nights grow cold,4.0,1.0,5,217895
564,25274,25274,9015,61, as with most s there's always a key to getting a bunch done,4.0,0.0,4,25274
565,82212,82212,28933,337, i am having to take time off of work to do this,4.0,0.0,1,82212
566,31075,31075,11149,87, several folks have checked and the extra pieces look like they are from this  but are not,0.0,-1.0,3,31075
567,53251,53251,18811,175,some of the license plates are outdated but that's ok,4.0,1.0,5,53251
568,70882,70882,25005,256,we don't have an official  doing area so the  usually sits on the dining room table ,4.0,0.0,5,70882
569,23417,23417,8378,56, i love the image and it is just difficult enough to present a challenge for me,1.0,1.0,4,23417
570,234152,234152,82457,6949, very well made,3.0,1.0,5,234152
571,227772,227772,80404,5547,this was so difficult,1.0,1.0,4,227772
572,13729,13729,4879,30,this was a super fun  that my 12 year old daughter and i put together this holiday break,4.0,1.0,5,13729
573,154908,154908,55460,1746,i received this  as a gift for christmas,4.0,0.0,2,154908
574,56132,56132,19786,187, the stained glass effect is very cool and the pieces are made out of a material that is great for puzzling,2.0,1.0,5,56132
575,69658,69658,24566,251, i have enjoyed putting it together but can't sit with it very long,4.0,1.0,3,69658
576,66272,66272,23255,231, kind of a disappointment for a 1000 piece  ,4.0,-1.0,2,66272
577,157944,157944,56576,1850,great product ,4.0,1.0,5,157944
578,102765,102765,36469,603,we love s and this  is one of our favorites,4.0,1.0,5,102765
579,83891,83891,29591,355,present for my 12 yo niece and she loved it,4.0,1.0,4,83891
580,142537,142537,51092,1403,if you love s and a challenge this is the one for you,1.0,1.0,5,142537
581,79285,79285,27981,323,i really enjoyed making this ,4.0,1.0,5,79285
582,106693,106693,37911,641,the  has at least 15 pieces missing,0.0,-1.0,1,106693
583,231047,231047,81501,6206, it's slowly coming along,4.0,0.0,5,231047
584,33374,33374,11969,96,so no straining eyes to see what you are doing,4.0,0.0,5,33374
585,149576,149576,53623,1589,love it still working on it,4.0,1.0,5,149576
586,45302,45302,16164,143, i am not patient and i like to make progress quickly,4.0,1.0,5,45302
587,121684,121684,43498,864, the  itself was a little difficult to put together - i'm talking about matching patterns and figuring out which pieces go where - but it was very enjoyable,1.0,1.0,5,121684
588,189575,189575,67563,2857, it looked like maybe it had snagged on a machine during production,4.0,0.0,2,189575
589,116419,116419,41590,779, it was made in a way that made it very hard,1.0,1.0,3,116419
590,15835,15835,5673,31, simple idea and basic for sure bottom line it works,4.0,1.0,5,15835
591,138860,138860,49694,1296,challenging,1.0,1.0,5,138860
592,52547,52547,18599,169, this carrier was definitely not doing what i needed,4.0,-1.0,3,52547
593,104550,104550,37120,616, the  pieces are not the normal 4-sided ones which adds to the challenge/enjoyment,1.0,1.0,5,104550
594,24404,24404,8714,59,i like this colorful  and cannot wait to complete installation after i received it,4.0,1.0,1,24404
595,158023,158023,56603,1853,update: the seller and the manufacturer both responded and the  was replaced,4.0,0.0,5,158023
596,221779,221779,78461,4781, it was fun doing this,4.0,1.0,5,221779
597,38111,38111,13551,120,  s should fit ok - i'm bummed that i'm going to be restricted to only buying certain  brands,4.0,1.0,3,38111
598,198912,198912,70855,3292, can't go wrong,4.0,1.0,5,198912
599,11909,11909,4256,22, i don't know how much better people want their s,4.0,1.0,5,11909
600,101723,101723,36125,591,we put this together over the holiday and it was tons of fun,4.0,1.0,5,101723
601,99435,99435,35263,558, my only complaint is that this is the second time i've purchased a   that has a missing piece,0.0,-1.0,4,99435
602,97182,97182,34411,527,although relaxing and enjoyable it is not an easy ,1.0,1.0,5,97182
603,145353,145353,52126,1486, we always keep a  going and it is also relaxing for me,4.0,1.0,5,145353
604,149459,149459,53580,1586, there is far too much black space and the pieces are cut in very odd shapes which makes it even more difficult,1.0,1.0,2,149459
605,60935,60935,21294,204, it doesn't look like it but most of the dogs are beige or have spots most have a pink tongue showing and the entire background is blue so there are no real hints to help assemble the pieces,4.0,-1.0,2,60935
606,191637,191637,68299,2949, they all look so adorable,4.0,1.0,5,191637
607,89564,89564,31712,433, i will be returning this  and not purchasing from this company again,4.0,-1.0,1,89564
608,13704,13704,4870,30, the candy bars are all in rows and with so much text it was much easier to figure out where each piece went,1.0,-1.0,4,13704
609,181931,181931,65032,2582, the  was cheaper at the boise state bookstore,4.0,0.0,4,181931
610,140846,140846,50468,1353, quality is alright,3.0,0.0,3,140846
611,73728,73728,25998,280, you must pay attention to the color and pattern,4.0,0.0,5,73728
612,73064,73064,25730,274,beautiful quality ,3.0,1.0,5,73064
613,230067,230067,81172,5994,i am a jiminy cricket fan,4.0,0.0,5,230067
614,128089,128089,45857,1000, i think the machine they used to cut this was super cheap or on its last leg and not sharp,2.0,-1.0,2,128089
615,224330,224330,79270,5033,the quality was very good,3.0,1.0,5,224330
616,150003,150003,53765,1600,i purchased the  used but the  came with a completely broken box,4.0,0.0,3,150003
617,223970,223970,79143,4996,looking for the  from heck,4.0,0.0,4,223970
618,68219,68219,24006,240, the  has large well-made pieces that fit snugly and vibrant and distinctive colors,2.0,1.0,5,68219
619,155991,155991,55857,1780,so much blue in this,4.0,0.0,5,155991
620,80992,80992,28464,328,couldn't notice until finished,4.0,0.0,1,80992
621,203603,203603,72523,3548,love the quality of  s,3.0,1.0,5,203603
622,28954,28954,10349,72,i got this for my mom for her birthday since she has been looking for jigsaw s,4.0,0.0,5,28954
623,121550,121550,43473,861, my god what a challenge,1.0,1.0,5,121550
624,71712,71712,25247,261,i don't usually write product reviews but i wanted to add my two cents about this ,4.0,0.0,5,71712
625,93299,93299,33145,486,this arrived shinkwrapped in good condition,4.0,0.0,5,93299
626,170438,170438,61106,2192,i am so looking forward to doing this  as i enjoyed his other i'm looking forward to also getting the 5001 i'm here so thank you for the great challenge in beauty ,4.0,1.0,5,170438
627,5985,5985,2184,5, this time i decided to get from amazon so i thought is would be the same quality sadly it is not,3.0,-1.0,2,5985
628,37292,37292,13309,117, great  to complete,4.0,1.0,5,37292
629,99131,99131,35163,550, beautiful & well made,3.0,1.0,5,99131
630,75577,75577,26641,296, we didn't finish it over the weekend our first  failure since the tradition began,4.0,0.0,5,75577
631,187058,187058,66712,2745,overall the  quality was pretty good but still not as good as ,3.0,1.0,3,187058
632,141485,141485,50699,1377, our family had a great time identifying the landmarks in the  and remembering our trip to dc,4.0,1.0,4,141485
633,30441,30441,10895,82,everyone worked on it while it snowed in the cabin,4.0,0.0,5,30441
634,68740,68740,24196,244, it reminded me of the 'scene' at christmas times when i was growing up,4.0,0.0,5,68740
635,191929,191929,68412,2963,i decided to purchase this as a gift for a family member who loves jan van haasteren s,4.0,0.0,5,191929
636,131165,131165,46951,1073,too dark: almost all elements except a few are same colors and it is very hard to figure it out and i think of myself as a pro,3.0,-1.0,2,131165
637,210321,210321,74881,3975,i bought this for my mom for mothers day,4.0,0.0,1,210321
638,35235,35235,12594,106, piece was missing from the ,0.0,-1.0,1,35235
639,167618,167618,60135,2117, i liked it as much as the first one,4.0,1.0,5,167618
640,65940,65940,23163,230,this is a hard  but great fun,1.0,1.0,5,65940
641,5037,5037,1828,4, i wouldn't hesitate to order again ,4.0,1.0,5,5037
642,156857,156857,56161,1812, yes,4.0,0.0,5,156857
643,177103,177103,63381,2381,the  was a challenge and at the same time workable,1.0,1.0,5,177103
644,196983,196983,70157,3186,so disappointed as 3 pieces were missing,0.0,-1.0,2,196983
645,81572,81572,28668,337, also the cut pieces of the  are very repetitive so there are always places where there's many pieces which could fit into one place and in places where the image is of something that means you could have the wrong piece there and not even know it,2.0,-1.0,4,81572
646,76478,76478,26989,304,love the  but two of the pieces were stuck together picture sides together,2.0,-1.0,3,76478
647,228868,228868,80787,5757, that one too is framed and hanging over my bed,4.0,0.0,5,228868
648,16881,16881,6102,35,loved this  ,4.0,1.0,5,16881
649,187890,187890,67022,2789,so much fun and beautiful when completed,3.0,1.0,5,187890
650,154829,154829,55427,1742,lovely horses on the beach ,4.0,1.0,5,154829
651,9630,9630,3542,15,i loved this ,4.0,1.0,4,9630
652,95597,95597,33831,506,beautiful  but arrived missing several pieces,0.0,-1.0,3,95597
653,96087,96087,33999,514, i like the colors and the difficulty of their s,1.0,1.0,5,96087
654,107234,107234,38112,644, saved money going this route,4.0,0.0,5,107234
655,201123,201123,71613,3391,my wife loves to put these s together especially when it is snowing outside,4.0,1.0,4,201123
656,105033,105033,37303,622,i have put several of these together with my motherthe larger pieces help,4.0,0.0,5,105033
657,199898,199898,71170,3329,but the pieces are easy to put together,2.0,1.0,4,199898
658,165402,165402,59426,2065, not one piece has broken and he is very rough on them,2.0,1.0,5,165402
659,62838,62838,21968,214, ha,4.0,0.0,5,62838
660,226326,226326,79931,5311,i was so excited when i saw the s i had ordered,4.0,1.0,3,226326
661,156108,156108,55892,1783, and the price,4.0,0.0,5,156108
662,96975,96975,34347,523,overall i can only think of positive accolades for this ,4.0,1.0,5,96975
663,64866,64866,22736,226, this was sooo much fun,4.0,1.0,5,64866
664,159322,159322,57086,1909, the quality is top notch,3.0,1.0,5,159322
665,97254,97254,34446,527, it was enough that i won't buy this brand of  again,4.0,-1.0,3,97254
666,16080,16080,5771,31, the mat lays perfectly flat and does what it's made to do,4.0,1.0,4,16080
667,130621,130621,46766,1066, therefore it quickly lost the interest of my kids no longer making it a family ,4.0,-1.0,4,130621
668,58812,58812,20805,202, as you can see in the photo i have the board propped almost vertical on the couch and the pieces are holding on,4.0,0.0,5,58812
669,56111,56111,19778,187,this  was challenging but quite enjoyable to put together,1.0,1.0,5,56111
670,129018,129018,46148,1012, i glued and framed it so i can always look at it,4.0,0.0,5,129018
671,70272,70272,24806,252,very pretty when it's done,4.0,1.0,5,70272
672,3466,3466,1318,4,before i brought the   sort and go jigsaw  accessory i had been using food storage containers to keep my  pieces organized,4.0,0.0,5,3466
673,20427,20427,7358,47, all the pieces tend to slide down if you don't carry it horizontally,4.0,0.0,4,20427
674,70238,70238,24788,252, otherwise _ÙÔ_Ù__ÙÔ_Ù_,4.0,0.0,5,70238
675,38406,38406,13654,121,i love it ,4.0,1.0,5,38406
676,40621,40621,14448,131, it was packed well and was very excited to set it up,4.0,1.0,5,40621
677,179445,179445,64273,2488,love it ,4.0,1.0,5,179445
678,202142,202142,71972,3448, it was challenging and fun,1.0,1.0,5,202142
679,47273,47273,16889,158,gave this to the inlaws for christmas-rumor is they had it done in one day-they loved it,4.0,1.0,5,47273
680,39078,39078,13933,124, arrived on time and in good condition,4.0,1.0,5,39078
681,134059,134059,47992,1140,great ,4.0,1.0,5,134059
682,152146,152146,54525,1661, the tail was a bit tough but saved it for last,1.0,1.0,5,152146
683,28039,28039,9967,68, it's a little bit on the easy side for a kinkade but it's a cool novelty,1.0,-1.0,5,28039
684,199900,199900,71171,3329,i haven't finished this yet but found that we had an incorrect piece from another  on the border so we are missing one border piece,0.0,-1.0,4,199900
685,117569,117569,41983,809, and each time we thought we are missing a piece,0.0,-1.0,5,117569
686,169641,169641,60842,2175,  arrived about a week ahead of schedule,4.0,0.0,5,169641
687,129858,129858,46486,1037, just beautiful,3.0,1.0,5,129858
688,142172,142172,50974,1392,bought for mom for her coca cola collection,4.0,0.0,5,142172
689,172366,172366,61769,2259, i think i may have a new favorite here,4.0,1.0,5,172366
690,221925,221925,78498,4790,i have done one of these before it was marilyn monroe which i'd like to get and redo that one,4.0,0.0,4,221925
691,156891,156891,56173,1813,so fun,4.0,1.0,5,156891
692,228598,228598,80700,5715, enjoy,4.0,1.0,5,228598
693,8292,8292,3066,14,challenging  but with fun surprises that kept the entire family entertained,1.0,1.0,5,8292
694,75997,75997,26771,302,this was really fun,4.0,1.0,5,75997
695,128178,128178,45903,1002,this  had a lot of hidden detail good clarity to the colors and was just fun to do,3.0,1.0,5,128178
696,171516,171516,61459,2215, how frustrating,1.0,1.0,1,171516
697,90286,90286,31962,443, fits on card table,4.0,0.0,5,90286
698,221789,221789,78467,4783,great,4.0,1.0,5,221789
699,73330,73330,25839,276, everything was right ,4.0,1.0,5,73330
700,151201,151201,54208,1629,i bought this as a gift for my mother-in-law and she loved it,4.0,1.0,5,151201
701,168716,168716,60555,2149, i love the concept of a photomosaic  but it really doesn't work here if you have to second guess your placement every time you put something down,4.0,0.0,1,168716
702,216800,216800,76839,4361, i wanted that for my mother,4.0,0.0,5,216800
703,173801,173801,62290,2310, beautiful landscape and background colors,3.0,1.0,5,173801
704,172880,172880,61948,2275,came with an extra piece,0.0,-1.0,4,172880
705,87496,87496,30966,407, 3 evenings of fun,4.0,1.0,5,87496
706,95219,95219,33737,501,a complaint i have seen consistently was the provided map is too small to read in building the ,4.0,-1.0,3,95219
707,133245,133245,47699,1127, it didn't fit my table,4.0,-1.0,5,133245
708,74890,74890,26367,286, i didn't finish it,4.0,0.0,1,74890
709,217712,217712,77157,4443,very difficult to put together,1.0,1.0,5,217712
710,137946,137946,49338,1262, also it was not cut all the way through in some spots,2.0,-1.0,3,137946
711,214171,214171,76080,4210,brightly colored background has many details,4.0,0.0,4,214171
712,221880,221880,78484,4786, playing or decorating you win,4.0,1.0,5,221880
713,89208,89208,31586,430,fun ,4.0,1.0,5,89208
714,61761,61761,21597,208,love how the pieces fit together and all the details in this  you could just see the story unfold,2.0,1.0,5,61761
715,84416,84416,29771,360, we selected this one for the fabulous colors and intricate details,3.0,1.0,5,84416
716,133829,133829,47916,1134, i also started to find some random shaped tiny pieces,4.0,0.0,2,133829
717,143192,143192,51327,1417, very well made,3.0,1.0,5,143192
718,23842,23842,8512,56,difficult  to put together as the outside pattern repeats which made it fun and a challenge but opening the  we found it missing a edge piece which was a huge disappointment since it was bought as nib,1.0,1.0,3,23842
719,200655,200655,71440,3360, picture is beautiful,3.0,1.0,5,200655
720,215043,215043,76316,4250,great ,4.0,1.0,5,215043
721,121532,121532,43468,861, nice good great lovely amazing,4.0,1.0,5,121532
722,183534,183534,65569,2634, is this it,4.0,0.0,4,183534
723,204453,204453,72798,3580,after spending hours on this  it was disappointing to find out that it is missing 4 pieces all in the same area,0.0,-1.0,1,204453
724,174936,174936,62734,2340,nice  and when done i plan to frame it,4.0,1.0,5,174936
725,196166,196166,69856,3143,it is bigger than her other s in the same collection,4.0,0.0,5,196166
726,73364,73364,25855,276, we are also inexplicably missing 2 pieces,0.0,-1.0,3,73364
727,222086,222086,78563,4823,i bought this as a gift for a friend,4.0,1.0,5,222086
728,102172,102172,36270,593,all the pieces were in the box for me,4.0,0.0,5,102172
729,152179,152179,54540,1662, this is a great ,4.0,1.0,3,152179
730,136002,136002,48698,1201, it was challenging interesting beautiful to construct and something i'd hang up also,1.0,1.0,5,136002
731,180828,180828,64670,2530,have most of the series,4.0,0.0,5,180828
732,57308,57308,20216,195, the challenge was pretty great but not worth the frustration,1.0,1.0,1,57308
733,101990,101990,36227,591, it was easy enough to get out my glue stick and fix them but i would say it's not the highest quality ,3.0,-1.0,4,101990
734,222053,222053,78547,4815, it also came with a missing-piece-replacement guarantee which i did not need,4.0,0.0,5,222053
735,85371,85371,30132,379,fun beautiful and good quality,3.0,1.0,5,85371
736,151237,151237,54216,1631, normally i'd probably rate it 4 stars but i think the manufacturer earned 5 for not just cashing in on the license as they could have but instead handling it with care,4.0,1.0,5,151237
737,210029,210029,74776,3955, nicely cut  pieces,2.0,1.0,5,210029
738,131172,131172,46955,1074, i wanted this as a keepsake,4.0,1.0,1,131172
739,53942,53942,19073,178,missing 1 piece : otherwise great ,0.0,-1.0,4,53942
740,74573,74573,26244,286, well the company told me to ship all this stuff to them of course which i did not have like receipt etc,4.0,0.0,4,74573
741,137109,137109,49063,1235, currently strewn across our dining table,4.0,0.0,5,137109
742,54779,54779,19398,184, i like one that you can fit pieces without getting frustrated,2.0,1.0,5,54779
743,25247,25247,9015,61, - the amount of  dust in  s eclipses all other manufacturers possibly combined,4.0,0.0,4,25247
744,52817,52817,18660,170,the buffalo games charles wysocki s are the only s my mother-in-law wants to work,4.0,0.0,5,52817
745,24813,24813,8835,60,this is a beautiful ,3.0,1.0,5,24813
746,48371,48371,17289,163, this  was more challenging but it was a lot of fun,1.0,1.0,5,48371
747,47354,47354,16930,158,love the quality of the s,3.0,1.0,4,47354
748,96648,96648,34252,521, not too hard not too easy,1.0,0.0,5,96648
749,56062,56062,19759,187,goodness this is more difficult than expected,1.0,1.0,5,56062
750,213013,213013,75766,4163, it is now completed ready to be glued and framed,4.0,0.0,5,213013
751,22957,22957,8238,53, the print is very high quality and is a pleasure to put together although it is not for the faint of heart,3.0,1.0,5,22957
752,38870,38870,13830,124,i love your s  but please stop putting your company slogans etc on the front of the box,4.0,1.0,3,38870
753,221584,221584,78401,4766, there is a cool little snap as the piece goes in,2.0,1.0,5,221584
754,160921,160921,57676,1951, however,4.0,0.0,4,160921
755,123886,123886,44358,907,good quality and good challenge ,1.0,1.0,5,123886
756,68727,68727,24191,244, it was a lot of fun and everyone enjoyed contributing,4.0,1.0,5,68727
757,42661,42661,15118,134,loved this ,4.0,1.0,5,42661
758,40831,40831,14515,131,this is an awesome  board,4.0,1.0,5,40831
759,128385,128385,45972,1006, and it is beautiful and a lovely picture so solve,3.0,1.0,5,128385
760,39308,39308,14001,126, can't wait to see how long it takes her to get it done,4.0,0.0,5,39308
761,134490,134490,48153,1152, it is a challenge with some of the areas but it has been fun,1.0,1.0,5,134490
762,74314,74314,26187,285, a lot of bent ends which is frustrating ,2.0,-1.0,1,74314
763,31739,31739,11423,90, challenging to assemble a nice change of  scenery for sure,1.0,1.0,5,31739
764,54198,54198,19175,180,be sure to have a large area to put this together,4.0,0.0,5,54198
765,105550,105550,37521,628, nice subject and educational value to this one,4.0,1.0,5,105550
766,172862,172862,61940,2274,so much fun,4.0,1.0,5,172862
767,124488,124488,44574,921,husband is big lions fan,4.0,0.0,5,124488
768,227527,227527,80337,5519, i really enjoyed putting this together and i am going to glue it and hang it on the wall with my other oz collections,4.0,1.0,5,227527
769,130861,130861,46851,1071, us made - great quality beautiful art high resolution imaging,3.0,1.0,5,130861
770,85125,85125,30036,370,great buffalo games quality as usual,3.0,1.0,5,85125
771,114223,114223,40741,740,i receivbed this as a gift,4.0,0.0,4,114223
772,152746,152746,54755,1680,this was my third eurographics 1000 piece jigsaw ,4.0,0.0,5,152746
773,71818,71818,25268,261, i would purchase this brand again,4.0,1.0,5,71818
774,1337,1337,355,1,no way,4.0,-1.0,1,1337
775,167387,167387,60049,2112, i do wear glasses but this is ridiculous,4.0,-1.0,2,167387
776,13657,13657,4857,30, these s are always nice for framing as well,4.0,1.0,5,13657
777,213379,213379,75870,4179,the final image just looked washed out and wasn't compelling,3.0,-1.0,3,213379
778,136317,136317,48784,1205, wish the pieces were a little thicker,2.0,-1.0,2,136317
779,27342,27342,9695,65,fun ,4.0,1.0,5,27342
780,3922,3922,1401,4, i sort by colors,4.0,0.0,5,3922
781,1221,1221,298,1, we put it together christmas evening and the pieces seemed pretty sturdy,2.0,1.0,5,1221
782,46778,46778,16703,157, the pieces are not uniform in size and the edges of each piece are too flexible,2.0,-1.0,2,46778
783,132996,132996,47604,1117, she loved it,4.0,1.0,5,132996
784,187409,187409,66853,2768, so many dark areas,4.0,0.0,3,187409
785,8901,8901,3239,14,though the bookstore theme is very cute the  pieces are very small and fuzzy,2.0,-1.0,3,8901
786,172479,172479,61796,2261, not sure if any pieces are missing,0.0,-1.0,1,172479
787,49502,49502,17766,167, when we opened the box we went through each piece looking for that one piece but it again was not in the box,0.0,-1.0,2,49502
788,205464,205464,73178,3634, the print was so enlarged that the pieces start at the top with the tip of the lighthouse cutoff on the bottom chuck pinson's name is not there and it starts near the purple flowers on the bushes above where his name should be and on the left the little bird is missing because the pieces start up above where it should be,4.0,0.0,2,205464
789,151171,151171,54205,1629,25 x 26,4,0.0,5,151171
790,94533,94533,33538,501, i'm sure when it's complete it will be well worth the effort,4.0,1.0,4,94533
791,205224,205224,73096,3624, i bought one other sunsout  and all pieces were there,0.0,1.0,2,205224
792,37028,37028,13263,116,super excited for this item,4.0,1.0,5,37028
793,122426,122426,43769,877, the quality was nothing to whistle dixie about as some of the pieces split apart for no particular reason,3.0,-1.0,5,122426
794,107697,107697,38334,645,åÊthese are really cool sorters,4.0,1.0,5,107697
795,134583,134583,48191,1160,i always love ravensberg or s this one is very tough though because the skyline is almost imperceptibly different,1.0,1.0,5,134583
796,76440,76440,26959,304,missing pieces ,0.0,-1.0,1,76440
797,197281,197281,70273,3202, thank you ,4.0,1.0,5,197281
798,165778,165778,59562,2070,very difficult ,1.0,1.0,5,165778
799,176590,176590,63196,2361, really cool painting,4.0,0.0,5,176590
800,156401,156401,56006,1801,gift for grandson ,4.0,0.0,5,156401
801,203911,203911,72594,3552,on some of the edges of the pieces the layers of cardboard were beginning to separate,2.0,-1.0,3,203911
802,116661,116661,41679,785, looks great in a frame on the wall,4.0,1.0,5,116661
803,29419,29419,10531,77, enjoyed putting it together ,4.0,1.0,5,29419
804,127022,127022,45459,980, has challenging obscure pieces,1.0,1.0,3,127022
805,130544,130544,46745,1064,missing 6 pieces,0.0,-1.0,1,130544
806,228340,228340,80615,5669, would be a perfect gift for cat lovers who enjoy s that take a fair amount of time to put together,4.0,0.0,5,228340
807,43647,43647,15556,136,easier than other 1500 piece  s,1.0,-1.0,5,43647
808,31649,31649,11401,89, finish up the dark water and finally the leaves and remaining sky,4.0,0.0,5,31649
809,106833,106833,37973,643,i have worked two of the klimt s,4.0,0.0,5,106833
810,185501,185501,66218,2693, it was fun to put together with a low frustration level,4.0,1.0,3,185501
811,93708,93708,33297,493,really enjoying this  although it took awhile to ship and had a corner with a small crush,4.0,1.0,5,93708
812,61046,61046,21343,204, if you really need a time killer challenge this  will keep you going for a long time,1.0,1.0,3,61046
813,42798,42798,15186,134, high quality design,3.0,1.0,5,42798
814,191350,191350,68187,2939, big america portion is a challenge but worth it,1.0,1.0,5,191350
815,28960,28960,10350,72,as expected ,4.0,0.0,5,28960
816,171810,171810,61569,2232, :- ,4.0,0.0,4,171810
817,202327,202327,72040,3460, the  is high quality- the pieces fit together beautifully,2.0,1.0,5,202327
818,27260,27260,9666,65,this  was a gift - and the recipient love it,4.0,1.0,5,27260
819,94617,94617,33556,501,very difficult  but beautiful once complete,1.0,1.0,4,94617
820,158894,158894,56926,1896,very colorful and challenging ,1.0,1.0,5,158894
821,10738,10738,3925,21, not even the second time,4.0,0.0,1,10738
822,122731,122731,43892,883,well done and very hard but looks great when done,1.0,1.0,5,122731
823,163380,163380,58692,2018,the quality of this  if very good,3.0,1.0,5,163380
824,122857,122857,43928,884,my husband loved this ,4.0,1.0,5,122857
825,12910,12910,4677,27, it should have been a cereal box  but it ended up being a candy wrapper ,4.0,0.0,1,12910
826,38464,38464,13684,121, this could account for reviews that say pieces were missing,0.0,-1.0,3,38464
827,3404,3404,1299,3,this was a challenging made more difficult was the presents of three extra outer border pieces,1.0,1.0,3,3404
828,61302,61302,21408,205, this one was fun with all the 90s things to recall as we did it,4.0,1.0,5,61302
829,10825,10825,3938,21,this was a beautiful ,3.0,1.0,5,10825
830,168082,168082,60320,2133, i have never had any pieces broken or missing ever on a new ,0.0,-1.0,5,168082
831,117508,117508,41962,808, but i found the color to be off for many of the pieces and difficult toassemble as a result,1.0,1.0,2,117508
832,50951,50951,18123,169, therefore upon movement it opens enough for pieces to fall right out,4,-1,1,50951
833,166531,166531,59758,2073,this was a gift and the  pieces are sharp with detail ,3.0,1.0,5,166531
834,107568,107568,38289,644, she has always been an avid  person looking for the hard ones and putting them together in no time,4.0,1.0,3,107568
835,158796,158796,56896,1889, i especially liked how there was a huge variety in  shape,4.0,1.0,4,158796
836,71973,71973,25329,261, very whimsical cats and books,4.0,1.0,5,71973
837,12404,12404,4467,23,tried to put this together with my kids but it's missing two pieces of the border and has a repeat piece,0.0,-1.0,3,12404
838,42477,42477,15058,134,pretty simple review ,4.0,0.0,1,42477
839,206384,206384,73473,3702, lots of fun,4.0,1.0,5,206384
840,39021,39021,13892,124, i didn't give it a 5 star due to it missing one piece,0.0,-1.0,4,39021
841,10194,10194,3744,18,the quality of the  is excellent and the box came in in perfect condition ,3.0,1.0,5,10194
842,75955,75955,26761,301,would have been a wonderful  if obama had been left out,4.0,0.0,1,75955
843,174641,174641,62615,2330,i've done many ceaco s in the past and had issues with delamination art layer pulling away from base layer,4.0,0.0,3,174641
844,109639,109639,38997,664, they did promise to send a replacement - haven't seen that yet,4.0,0.0,2,109639
845,175537,175537,62882,2345, came out beautifully - great gift for my mother,4.0,1.0,5,175537
846,217070,217070,76946,4388,great quality,3.0,1.0,5,217070
847,103709,103709,36825,609, my wife enjoyed it,4.0,1.0,5,103709
848,119299,119299,42612,832,based on the picture i was pretty sure this was going to be one of those s i wanted to frame,4.0,1.0,5,119299
849,139338,139338,49886,1308, i was sad to finish it,4.0,1.0,5,139338
850,97876,97876,34674,536, i'll definitely order more of these s,4.0,1.0,5,97876
851,219626,219626,77758,4580, it was very fun and relaxing,4.0,1.0,5,219626
852,109889,109889,39087,670, but was told design was amazing and pieces were cut to perfection ,2.0,1.0,5,109889
853,38775,38775,13803,123,fun for the family especially with older folks who recall all the pictures and tell stories about them,4.0,1.0,5,38775
854,69140,69140,24359,244, the recipients loved it,4.0,1.0,5,69140
855,68816,68816,24230,244, the  pieces are thick enough that you can put their s together and take them apart without damaging the pieces,2.0,1.0,5,68816
856,136234,136234,48773,1205, the border was a pain being free-form but there were some spots where they didn't even link together they just met in a cut line,4.0,0.0,1,136234
857,169458,169458,60787,2161, pieces go together easily,2.0,1.0,5,169458
858,114716,114716,40936,749, durable pieces and nice size,2.0,1.0,5,114716
859,34202,34202,12243,102, fun and its a challenge,1.0,1.0,1,34202
860,232279,232279,81872,6451,i am going to make a clock out of this  and give it for a christmas gift,4.0,0.0,5,232279
861,36020,36020,12901,111,i began doing s with my friends father who is in assisted living now,4.0,0.0,5,36020
862,137520,137520,49202,1252,missing about 10 pieces,0.0,-1.0,2,137520
863,47042,47042,16788,158,okay a bit boring and not tight fitting,2.0,-1.0,3,47042
864,26214,26214,9317,61,great product,4.0,1.0,5,26214
865,25353,25353,9026,61, if predictable landscape scenery s are your thing you probably won't like this ,4.0,0.0,5,25353
866,138498,138498,49541,1281,me and my girlfriend are  freaks,4.0,0.0,5,138498
867,11636,11636,4202,22,ive never had any issues with  s but there were 2 pieces missing and while many may think i lost them i am a super  nerd and the room i do my s in are like a fortress to prevent anyone from messing with them,0.0,-1.0,1,11636
868,129900,129900,46501,1042, however the white spaces are really difficult as other reviewers have stated,1.0,1.0,4,129900
869,227049,227049,80166,5438,purchased as a gift for my wife & she seemed to really enjoy the ,4.0,1.0,5,227049
870,222069,222069,78554,4818,the  was interesting to complete and a challenge to finish because of the change from the box to the finished image,1.0,1.0,4,222069
871,612,612,103,1, they do not disappoint,4.0,1.0,5,612
872,200794,200794,71492,3362,hard to work,4.0,0.0,5,200794
873,91204,91204,32306,455, great fun ,4.0,1.0,5,91204
874,57961,57961,20460,199, but great  to do in spare time ,4.0,1.0,5,57961
875,42506,42506,15065,134,this was a fun  to do not terribly challenging if you are a hard-core r but a nice mid-range level,1.0,1.0,5,42506
876,86028,86028,30382,389, so far we haven't found a  manufacturer we like more than ,4.0,1.0,5,86028
877,185960,185960,66345,2708, 1st challenge is getting the outside boarder,4.0,0.0,5,185960
878,174305,174305,62486,2318,my husband loved this as his birthday present ,4.0,1.0,5,174305
879,27045,27045,9609,65, know the type,4.0,0.0,5,27045
880,151719,151719,54386,1645, when looking for the right piece you looked for the smiling well mostly smiling faces,4.0,0.0,5,151719
881,140192,140192,50210,1320, ready for  to come out with some new  backgrounds,4.0,0.0,5,140192
882,58746,58746,20787,201,keep you busy ,4.0,0.0,3,58746
883,74650,74650,26267,286, i returned to the real world after my sessions with the fantasy world of gnomes with a much better attitude,4.0,1.0,5,74650
884,65635,65635,23021,227,we had all but one of those toys for our 5 kids so we thoroughly enjoyed this ,4.0,1.0,5,65635
885,187609,187609,66917,2779, thus 2 stars,4.0,0.0,2,187609
886,198962,198962,70872,3295, the pieces are so odd and unusual that it makes it too difficult,1.0,1.0,2,198962
887,186132,186132,66415,2711,really good  for 10 year olds ,4.0,1.0,5,186132
888,176862,176862,63307,2376, the cardboard is cut on a rather rough edge so some pieces that did go together had to be forced and there were many that appeared to have a border side but were middle pieces,2.0,-1.0,2,176862
889,196252,196252,69897,3148, we glued it together and framed it and its a great conversation piece,4.0,1.0,4,196252
890,1608,1608,483,1, this was supposed to be a gift so will be returning,4.0,-1.0,1,1608
891,185618,185618,66251,2694, it had a lot of different characters going on within the  ,4.0,0.0,4,185618
892,30105,30105,10740,82, this  was not cut properly and the edges are rough,2.0,-1.0,1,30105
893,222104,222104,78566,4824, you can't make it fit by matching patterns,4.0,0.0,1,222104
894,73255,73255,25802,276, my daughter and i do about 1 1000 piece  a month,4.0,0.0,5,73255
895,11498,11498,4155,21, it was challenging but not too much so,1.0,1.0,4,11498
896,210555,210555,74967,3995,absolutely the best s around are the wysocki s,4.0,1.0,5,210555
897,114972,114972,41032,756,gave as gift never heard any complaints,4.0,1.0,5,114972
898,30360,30360,10859,82, we just ordered another,4.0,1.0,5,30360
899,142994,142994,51237,1407,this was a gift for a group of ladies who gather to do s together each week,4.0,1.0,5,142994
900,196291,196291,69909,3150, now it is in my office,4.0,0.0,5,196291
901,112812,112812,40203,719, it is harder because it is not a typical rectangle or square shape,1.0,1.0,5,112812
902,48851,48851,17485,164,love the scenes of galison s,4.0,1.0,5,48851
903,59693,59693,20925,202, i love the removable piece that's covered in a felt-like product on which you put the  together,4.0,1.0,5,59693
904,109366,109366,38903,660, they like really hard s,1.0,1.0,5,109366
905,81920,81920,28788,337, the cuts aren't very clean and therefore to get a piece seated you kind of have to force it in where it obviously goes,2.0,-1.0,2,81920
906,59530,59530,20893,202, but i put a small blanket to hold everything in place and that fixes the issue,4.0,0.0,4,59530
907,194438,194438,69318,3086,loved the fact that the back of the pieces were lettered ,4.0,1.0,5,194438
908,178019,178019,63721,2409, a fun way to keep him warm on those snowy nights,4.0,1.0,5,178019
909,174521,174521,62567,2324, when we gather together for doing 2-3 christmas s i want the family to have some fun and chat while puzzling,4.0,1.0,3,174521
910,126918,126918,45426,977, the pieces really held into place with the snap technology and i love how it came with  glue so she could turn the  into a poster for her wall,2.0,1.0,5,126918
911,52115,52115,18559,169, but inside is fine so i keep it,4.0,1.0,1,52115
912,58530,58530,20688,201,lovely  and the kind of challenge that i liked,1.0,1.0,5,58530
913,2098,2098,752,1,beautiful but too many identical pieces,3.0,1.0,3,2098
914,112882,112882,40234,721, very attractive as shown,3.0,1.0,5,112882
915,37734,37734,13426,118, we carry the  upright holding the case like a purse and nothing moves whatsoever,4.0,1.0,5,37734
916,198676,198676,70765,3275,i got this  for my mom to keep her busy during the long snow season we've been having,4.0,0.0,5,198676
917,203435,203435,72461,3532, shipping was very fast too,4.0,0.0,5,203435
918,143990,143990,51639,1442, i'm doing this with elementary aged kids and we need the picture,4.0,0.0,2,143990
919,38372,38372,13635,121, great color and quality with the perfect amount of challenge,1.0,1.0,5,38372
920,22893,22893,8227,53, love the high quality packaging too,3.0,1.0,5,22893
921,77929,77929,27429,312,merry christmas,4.0,0.0,5,77929
922,171714,171714,61532,2229,wasn't missing pieces and there weren't duplicates,0.0,1.0,5,171714
923,123105,123105,44018,887,family time was a lot of fun with this  as a group project,4.0,1.0,5,123105
924,220812,220812,78154,4688, the box was sealed but if the  is anything like the picture on the box it is great,3.0,1.0,5,220812
925,100111,100111,35504,563,loved it ,4.0,1.0,5,100111
926,216182,216182,76604,4303, many of the  pieces are extremely similar,4.0,0.0,3,216182
927,145953,145953,52323,1504, i wonder if i can get my money back,4.0,0.0,1,145953
928,92311,92311,32749,474,bought this  as a gift for my step mother,4.0,0.0,4,92311
929,100236,100236,35559,563,this was purchased as a gift,4.0,0.0,5,100236
930,167813,167813,60205,2120, the pieces are so small weirdly shaped and so many had such similar colors that it took forever for the 2 of us inveterate rs to get this together,2.0,-1.0,2,167813
931,162854,162854,58484,1998,fun  with my 4 yo ,4.0,1.0,5,162854
932,61185,61185,21384,204, no missing pieces as every   never has missing pieces,0.0,1.0,5,61185
933,196874,196874,70126,3184, i normally buy s with way more pieces but the image is so striking and vivid i just had to buy this one,4.0,0.0,5,196874
934,175110,175110,62767,2345, it wasn't a difficult  as the colors and shapes in the picture made it rather easy,1.0,-1.0,5,175110
935,98173,98173,34793,540,we thoroughly enjoyed this ,4.0,1.0,5,98173
936,201990,201990,71912,3442,very difficult,1.0,1.0,5,201990
937,41574,41574,14780,132,just challenging enough to be fun,1.0,1.0,5,41574
938,94118,94118,33464,499, low-brow art appreciation,4.0,0.0,5,94118
939,45387,45387,16185,143,fun ,4.0,1.0,5,45387
940,62834,62834,21968,214,difficult,1.0,1.0,5,62834
941,224638,224638,79353,5070, what i like it most is the same-size poster coming with it and the letter printed on the back of each piece that puts it into one of the 8 sections,4.0,0.0,5,224638
942,84338,84338,29756,359, it also came promptly,4.0,0.0,5,84338
943,88754,88754,31381,423, this  is a addictive,4.0,1.0,5,88754
944,229171,229171,80882,5815,real fun ,4.0,1.0,5,229171
945,27906,27906,9919,68, i worked very hard on this with my daughter so for it not be able to be completed is very upsetting,4.0,-1.0,1,27906
946,73036,73036,25716,274,she said this bran is top quality maker of s,4.0,1.0,4,73036
947,103069,103069,36598,605,i enjoy  s,4.0,1.0,5,103069
948,8819,8819,3209,14, i do a lot of s,4.0,1.0,5,8819
949,91080,91080,32260,455, they were all shapes and sizes,4.0,0.0,5,91080
950,135557,135557,48531,1186,i love this  it's beautiful and also one of the hardest s i've ever done,3.0,1.0,5,135557
951,88692,88692,31365,422,the  is very beautiful,3.0,1.0,3,88692
952,188597,188597,67264,2809, no more guessing if it really goes there or not,4.0,0.0,5,188597
953,166123,166123,59646,2073, it is possible to put two pieces together and think that they fit when they actually don't but that makes for a challenging ,2.0,-1.0,5,166123
954,118977,118977,42527,828,if this  is the same quality as 'road block' from this company the image as printed on the  pieces has very poor resolution and the picture on the box covers more of the original poster than the  does,3.0,-1.0,2,118977
955,65323,65323,22933,226, we were in a room with a wood floor and there is no place we would have dropped one,4.0,0.0,1,65323
956,227919,227919,80449,5566,this was a very challenging  for the family,1.0,1.0,5,227919
957,142398,142398,51063,1399,pieces were too small ,4.0,-1.0,1,142398
958,158028,158028,56604,1853,it's a strange twist i wasn't aware of because i ordered the  based on the picture and didn't read all the fine print,4.0,0.0,2,158028
959,178735,178735,64006,2460, thank you amazon for discounting this  so that i could buy it,4.0,1.0,5,178735
960,219724,219724,77783,4586,so all in all it was fun to put together not too hard amusing and just a little annoying,1.0,1.0,3,219724
961,226965,226965,80133,5423, the picture is fine,4.0,0.0,3,226965
962,180344,180344,64491,2516, cheap s you dont know for sure sometimes even with the right pieces due to gaps or photo inconsistencies,4.0,0.0,5,180344
963,79634,79634,28038,324,so i came up on this board deciding to go with the bigger one because of the dimensions on the  i was working on,4.0,0.0,5,79634
964,47449,47449,16968,158, how is that even possible,4.0,0.0,1,47449
965,90637,90637,32094,447, its a great  to work on and its beautiful,3.0,1.0,5,90637
966,114910,114910,41009,755, for me that is challenging since i am partially colorblind but for my husband it's no issue at all because he can see that they don't match,1.0,0.0,5,114910
967,36444,36444,13054,111,as always ,4.0,0.0,5,36444
968,53484,53484,18895,176,the highlights: - snug smooth fit,2.0,1.0,4,53484
969,75881,75881,26746,301,totally awesome fun and educational ,4.0,1.0,5,75881
970,142549,142549,51095,1403,this is a great  for those who like a challenge,1.0,1.0,5,142549
971,175622,175622,62922,2345,a great fun to work,4.0,1.0,5,175622
972,111204,111204,39613,697,i loved what the  was however the cut seemed off and the pieces were extremely loos and kept coming undone,2.0,-1.0,3,111204
973,216624,216624,76765,4336,difficult s are my cup of tea and  paris romance is among the most challenging s that i've encountered,1.0,1.0,3,216624
974,157224,157224,56312,1821,great  for vw enthusiasts,4.0,1.0,5,157224
975,72862,72862,25657,274, however we gave the benefit of the doubt to  s and thought that it couldn't have been many more pieces,4.0,1.0,1,72862
976,7557,7557,2797,10, i was so impressed,4.0,1.0,5,7557
977,111551,111551,39722,702, yes it also makes it a little more difficult but i don't like them too easy,1.0,1.0,4,111551
978,208357,208357,74221,3846,the  itself is great however each piece is identical,4.0,0.0,4,208357
979,44069,44069,15722,138, loved the challenge,1.0,1.0,5,44069
980,228923,228923,80804,5767,i would not call this a toy,4.0,0.0,5,228923
981,81521,81521,28651,336, we enjoyed the  most because we could differentiate the colors,4.0,1.0,5,81521
982,143455,143455,51427,1427,i gave this to my grandpa for christmas and he loved it,4.0,1.0,5,143455
983,178528,178528,63927,2444, pretty accurate,4.0,1.0,5,178528
984,166384,166384,59713,2073, i knew it was going to be challenge before i bought it,1.0,1.0,5,166384
985,178384,178384,63877,2433,great ,4.0,1.0,5,178384
986,203040,203040,72305,3506, thick cardboard but soft--not the best quality in my mind,3.0,-1.0,3,203040
987,32830,32830,11787,94, it was beautiful came with pretty bags,3.0,1.0,5,32830
988,158090,158090,56635,1856,great  ,4.0,1.0,5,158090
989,59788,59788,20948,202, i just stored the carrying case behind my couch in case i ever want to use it,4.0,0.0,5,59788
990,161373,161373,57850,1971,this was used by my daughter in law during the holiday and it was great except: one piece was thinner that the others and at the completion of the  there was a duplicate piece and it seemed as if the two pieces should be one; there was another duplicate piece in another area of the ; there was a piece missing at the end of the work,0.0,-1.0,3,161373
991,81728,81728,28701,337,this is a great  for uga bulldogs,4.0,1.0,5,81728
992,226717,226717,80035,5357, i highly recommend these s for jigsaw lovers,4.0,1.0,5,226717
993,198631,198631,70756,3274,have now started this  and want until closer to next christmas,4.0,0.0,4,198631
994,204950,204950,72972,3609, eurographics  are well made,3.0,1.0,5,204950
995,123283,123283,44116,890, no way ,4.0,0.0,5,123283
996,18821,18821,6812,44,so much fun and since i was in my 20s in the 80s this brought back a lot of memories,4.0,0.0,5,18821
997,35620,35620,12742,107, it came together remarkably fast,4.0,0.0,4,35620
998,160339,160339,57430,1946, beautiful when done,3.0,1.0,5,160339
999,180351,180351,64492,2516, you will need a large work surface because this  is pretty big,4.0,0.0,5,180351
